Fecha;Excepción;Plazo real;IBR
10/07/2024;N;1;11,251
09/07/2024;N;1;11,254
08/07/2024;N;1;11,249
05/07/2024;N;3;11,247
04/07/2024;N;1;11,255
03/07/2024;N;1;11,244
02/07/2024;N;1;11,253
28/06/2024;N;4;11,740
27/06/2024;N;1;11,748
26/06/2024;N;1;11,754
25/06/2024;N;1;11,754
24/06/2024;N;1;11,754
21/06/2024;N;3;11,750
20/06/2024;N;1;11,754
19/06/2024;N;1;11,752
18/06/2024;N;1;11,751
17/06/2024;N;1;11,757
14/06/2024;N;3;11,753
13/06/2024;N;1;11,757
12/06/2024;N;1;11,754
11/06/2024;N;1;11,754
07/06/2024;N;4;11,748
06/06/2024;N;1;11,754
05/06/2024;N;1;11,754
04/06/2024;N;1;11,750
31/05/2024;N;4;11,740
30/05/2024;N;1;11,754
29/05/2024;N;1;11,754
28/05/2024;N;1;11,761
27/05/2024;N;1;11,767
24/05/2024;N;3;11,755
23/05/2024;N;1;11,755
22/05/2024;N;1;11,754
21/05/2024;N;1;11,754
20/05/2024;N;1;11,752
17/05/2024;N;3;11,749
16/05/2024;N;1;11,751
15/05/2024;N;1;11,741
14/05/2024;N;1;11,746
10/05/2024;N;4;11,744
09/05/2024;N;1;11,750
08/05/2024;N;1;11,750
07/05/2024;N;1;11,750
06/05/2024;N;1;11,750
03/05/2024;N;3;11,741
02/05/2024;N;1;11,748
30/04/2024;N;2;12,245
29/04/2024;N;1;12,242
26/04/2024;N;3;12,239
25/04/2024;N;1;12,251
24/04/2024;N;1;12,251
23/04/2024;N;1;12,242
22/04/2024;N;1;12,242
19/04/2024;N;3;12,238
18/04/2024;N;1;12,250
17/04/2024;N;1;12,250
16/04/2024;N;1;12,248
15/04/2024;N;1;12,245
12/04/2024;N;3;12,199
11/04/2024;N;1;12,236
10/04/2024;N;1;12,222
09/04/2024;N;1;12,138
08/04/2024;N;1;12,185
05/04/2024;N;3;12,228
04/04/2024;N;1;12,247
03/04/2024;N;1;12,252
02/04/2024;N;1;12,251
01/04/2024;N;1;12,251
27/03/2024;N;5;12,231
26/03/2024;N;1;12,251
22/03/2024;N;4;12,731
21/03/2024;N;1;12,739
20/03/2024;N;1;12,752
19/03/2024;N;1;12,752
18/03/2024;N;1;12,752
15/03/2024;N;3;12,747
14/03/2024;N;1;12,750
13/03/2024;N;1;12,749
12/03/2024;N;1;12,725
11/03/2024;N;1;12,738
08/03/2024;N;3;12,714
07/03/2024;N;1;12,708
06/03/2024;N;1;12,732
05/03/2024;N;1;12,739
04/03/2024;N;1;12,727
01/03/2024;N;3;12,718
29/02/2024;N;1;12,734
28/02/2024;N;1;12,739
27/02/2024;N;1;12,735
26/02/2024;N;1;12,751
23/02/2024;N;3;12,747
22/02/2024;N;1;12,751
21/02/2024;N;1;12,750
20/02/2024;N;1;12,749
19/02/2024;N;1;12,728
16/02/2024;N;3;12,724
15/02/2024;N;1;12,748
14/02/2024;N;1;12,730
13/02/2024;N;1;12,724
12/02/2024;N;1;12,725
09/02/2024;N;3;12,741
08/02/2024;N;1;12,743
07/02/2024;N;1;12,727
06/02/2024;N;1;12,727
05/02/2024;N;1;12,740
02/02/2024;N;3;12,718
01/02/2024;N;1;12,742
31/01/2024;N;1;12,954
30/01/2024;N;1;12,960
29/01/2024;N;1;12,989
26/01/2024;N;3;12,995
25/01/2024;N;1;12,995
24/01/2024;N;1;12,992
23/01/2024;N;1;12,997
22/01/2024;N;1;13,000
19/01/2024;N;3;13,000
18/01/2024;N;1;13,001
17/01/2024;N;1;13,013
16/01/2024;N;1;12,998
15/01/2024;N;1;13,008
12/01/2024;N;3;12,998
11/01/2024;N;1;12,961
10/01/2024;N;1;12,988
09/01/2024;N;1;13,005
05/01/2024;N;4;12,996
04/01/2024;N;1;13,008
03/01/2024;N;1;13,002
02/01/2024;N;1;12,968
28/12/2023;N;5;12,981
27/12/2023;N;1;12,956
26/12/2023;N;1;13,000
22/12/2023;N;4;12,961
21/12/2023;N;1;13,002
20/12/2023;N;1;12,982
19/12/2023;N;1;13,153
18/12/2023;N;1;13,201
15/12/2023;N;3;13,170
14/12/2023;N;1;13,134
13/12/2023;N;1;13,204
12/12/2023;N;1;13,250
11/12/2023;N;1;13,222
07/12/2023;N;4;13,232
06/12/2023;N;1;13,192
05/12/2023;N;1;13,131
04/12/2023;N;1;13,185
01/12/2023;N;3;13,224
30/11/2023;N;1;13,229
29/11/2023;N;1;13,238
28/11/2023;N;1;13,238
27/11/2023;N;1;13,243
24/11/2023;N;3;13,280
23/11/2023;N;1;13,292
22/11/2023;N;1;13,309
21/11/2023;N;1;13,281
20/11/2023;N;1;13,263
17/11/2023;N;3;13,299
16/11/2023;N;1;13,291
15/11/2023;N;1;13,305
14/11/2023;N;1;13,293
10/11/2023;N;4;13,266
09/11/2023;N;1;13,264
08/11/2023;N;1;13,264
07/11/2023;N;1;13,271
03/11/2023;N;4;13,245
02/11/2023;N;1;13,222
01/11/2023;N;1;13,189
31/10/2023;N;1;13,199
30/10/2023;N;1;13,236
27/10/2023;N;3;13,239
26/10/2023;N;1;13,277
25/10/2023;N;1;13,287
24/10/2023;N;1;13,320
23/10/2023;N;1;13,309
20/10/2023;N;3;13,288
19/10/2023;N;1;13,277
18/10/2023;N;1;13,262
17/10/2023;N;1;13,262
13/10/2023;N;4;13,255
12/10/2023;N;1;13,266
11/10/2023;N;1;13,260
10/10/2023;N;1;13,250
09/10/2023;N;1;13,268
06/10/2023;N;3;13,292
05/10/2023;N;1;13,294
04/10/2023;N;1;13,268
03/10/2023;N;1;13,268
02/10/2023;N;1;13,274
29/09/2023;N;3;13,260
28/09/2023;N;1;13,264
27/09/2023;N;1;13,269
26/09/2023;N;1;13,237
25/09/2023;N;1;13,240
22/09/2023;N;3;13,286
21/09/2023;N;1;13,306
20/09/2023;N;1;13,287
19/09/2023;N;1;13,250
18/09/2023;N;1;13,266
15/09/2023;N;3;13,254
14/09/2023;N;1;13,223
13/09/2023;N;1;13,182
12/09/2023;N;1;13,127
11/09/2023;N;1;13,183
08/09/2023;N;3;13,231
07/09/2023;N;1;13,262
06/09/2023;N;1;13,251
05/09/2023;N;1;13,231
04/09/2023;N;1;13,279
01/09/2023;N;3;13,254
31/08/2023;N;1;13,227
30/08/2023;N;1;13,222
29/08/2023;N;1;13,197
28/08/2023;N;1;13,228
25/08/2023;N;3;13,307
24/08/2023;N;1;13,331
23/08/2023;N;1;13,323
22/08/2023;N;1;13,285
18/08/2023;N;4;13,297
17/08/2023;N;1;13,299
16/08/2023;N;1;13,286
15/08/2023;N;1;13,254
14/08/2023;N;1;13,252
11/08/2023;N;3;13,272
10/08/2023;N;1;13,275
09/08/2023;N;1;13,268
08/08/2023;N;1;13,264
04/08/2023;N;4;13,246
03/08/2023;N;1;13,283
02/08/2023;N;1;13,263
01/08/2023;N;1;13,261
31/07/2023;N;1;13,235
28/07/2023;N;3;13,242
27/07/2023;N;1;13,251
26/07/2023;N;1;13,286
25/07/2023;N;1;13,302
24/07/2023;N;1;13,297
21/07/2023;N;3;13,288
19/07/2023;N;2;13,278
18/07/2023;N;1;13,251
17/07/2023;N;1;13,263
14/07/2023;N;3;13,248
13/07/2023;N;1;13,251
12/07/2023;N;1;13,245
11/07/2023;N;1;13,247
10/07/2023;N;1;13,245
07/07/2023;N;3;13,234
06/07/2023;N;1;13,251
05/07/2023;N;1;13,239
04/07/2023;N;1;13,235
30/06/2023;N;4;13,238
29/06/2023;N;1;13,250
28/06/2023;N;1;13,247
27/06/2023;N;1;13,247
26/06/2023;N;1;13,247
23/06/2023;N;3;13,261
22/06/2023;N;1;13,267
21/06/2023;N;1;13,307
20/06/2023;N;1;13,309
16/06/2023;N;4;13,323
15/06/2023;N;1;13,310
14/06/2023;N;1;13,302
13/06/2023;N;1;13,285
09/06/2023;N;4;13,257
08/06/2023;N;1;13,259
07/06/2023;N;1;13,259
06/06/2023;N;1;13,246
05/06/2023;N;1;13,290
02/06/2023;N;3;13,285
01/06/2023;N;1;13,325
31/05/2023;N;1;13,294
30/05/2023;N;1;13,294
29/05/2023;N;1;13,308
26/05/2023;N;3;13,335
25/05/2023;N;1;13,294
24/05/2023;N;1;13,289
23/05/2023;N;1;13,300
19/05/2023;N;4;13,288
18/05/2023;N;1;13,279
17/05/2023;N;1;13,266
16/05/2023;N;1;13,266
15/05/2023;N;1;13,266
12/05/2023;N;3;13,261
11/05/2023;N;1;13,262
10/05/2023;N;1;13,263
09/05/2023;N;1;13,253
08/05/2023;N;1;13,263
05/05/2023;N;3;13,256
04/05/2023;N;1;13,262
03/05/2023;N;1;13,262
02/05/2023;N;1;13,268
28/04/2023;N;4;13,027
27/04/2023;N;1;13,033
26/04/2023;N;1;13,029
25/04/2023;N;1;13,028
24/04/2023;N;1;13,019
21/04/2023;N;3;13,004
20/04/2023;N;1;13,009
19/04/2023;N;1;13,009
18/04/2023;N;1;13,009
17/04/2023;N;1;13,005
14/04/2023;N;3;12,990
13/04/2023;N;1;12,962
12/04/2023;N;1;12,977
11/04/2023;N;1;12,973
10/04/2023;N;1;12,992
05/04/2023;N;5;12,991
04/04/2023;N;1;12,990
03/04/2023;N;1;12,953
31/03/2023;N;3;12,956
30/03/2023;N;1;12,740
29/03/2023;N;1;12,740
28/03/2023;N;1;12,683
27/03/2023;N;1;12,671
24/03/2023;N;3;12,643
23/03/2023;N;1;12,615
22/03/2023;N;1;12,665
21/03/2023;N;1;12,655
17/03/2023;N;4;12,649
16/03/2023;N;1;12,652
15/03/2023;N;1;12,536
14/03/2023;N;1;12,499
13/03/2023;N;1;12,444
10/03/2023;N;3;12,459
09/03/2023;N;1;12,507
08/03/2023;N;1;12,619
07/03/2023;N;1;12,734
06/03/2023;N;1;12,611
03/03/2023;N;3;12,560
02/03/2023;N;1;12,533
01/03/2023;N;1;12,560
28/02/2023;N;1;12,587
27/02/2023;N;1;12,707
24/02/2023;N;3;12,735
23/02/2023;N;1;12,787
22/02/2023;N;1;12,794
21/02/2023;N;1;12,786
20/02/2023;N;1;12,766
17/02/2023;N;3;12,754
16/02/2023;N;1;12,783
15/02/2023;N;1;12,806
14/02/2023;N;1;12,808
13/02/2023;N;1;12,791
10/02/2023;N;3;12,787
09/02/2023;N;1;12,784
08/02/2023;N;1;12,781
07/02/2023;N;1;12,768
06/02/2023;N;1;12,760
03/02/2023;N;3;12,746
02/02/2023;N;1;12,760
01/02/2023;N;1;12,748
31/01/2023;N;1;12,724
30/01/2023;N;1;12,759
27/01/2023;N;3;11,992
26/01/2023;N;1;11,997
25/01/2023;N;1;11,979
24/01/2023;N;1;11,967
23/01/2023;N;1;11,954
20/01/2023;N;3;11,930
19/01/2023;N;1;11,933
18/01/2023;N;1;11,933
17/01/2023;N;1;11,909
16/01/2023;N;1;11,893
13/01/2023;N;3;11,934
12/01/2023;N;1;11,914
11/01/2023;N;1;11,939
10/01/2023;N;1;11,933
06/01/2023;N;4;11,919
05/01/2023;N;1;11,921
04/01/2023;N;1;11,909
03/01/2023;N;1;11,899
02/01/2023;N;1;11,927
29/12/2022;N;4;11,954
28/12/2022;N;1;11,964
27/12/2022;N;1;11,968
26/12/2022;N;1;11,969
23/12/2022;N;3;11,982
22/12/2022;N;1;11,986
21/12/2022;N;1;11,986
20/12/2022;N;1;11,981
19/12/2022;N;1;11,994
16/12/2022;N;3;10,994
15/12/2022;N;1;10,997
14/12/2022;N;1;10,997
13/12/2022;N;1;11,003
12/12/2022;N;1;11,003
09/12/2022;N;3;10,999
07/12/2022;N;2;10,985
06/12/2022;N;1;10,992
05/12/2022;N;1;11,001
02/12/2022;N;3;10,994
01/12/2022;N;1;10,997
30/11/2022;N;1;10,947
29/11/2022;N;1;10,972
28/11/2022;N;1;10,972
25/11/2022;N;3;10,953
24/11/2022;N;1;10,989
23/11/2022;N;1;10,992
22/11/2022;N;1;10,993
21/11/2022;N;1;11,005
18/11/2022;N;3;10,981
17/11/2022;N;1;11,013
16/11/2022;N;1;11,007
15/11/2022;N;1;10,981
11/11/2022;N;4;10,945
10/11/2022;N;1;10,956
09/11/2022;N;1;10,976
08/11/2022;N;1;10,958
04/11/2022;N;4;10,981
03/11/2022;N;1;10,987
02/11/2022;N;1;10,988
01/11/2022;N;1;11,001
31/10/2022;N;1;10,989
28/10/2022;N;3;10,015
27/10/2022;N;1;10,046
26/10/2022;N;1;10,049
25/10/2022;N;1;10,033
24/10/2022;N;1;10,037
21/10/2022;N;3;10,027
20/10/2022;N;1;10,046
19/10/2022;N;1;10,046
18/10/2022;N;1;10,046
14/10/2022;N;4;10,040
13/10/2022;N;1;10,048
12/10/2022;N;1;10,035
11/10/2022;N;1;10,033
10/10/2022;N;1;10,033
07/10/2022;N;3;10,028
06/10/2022;N;1;10,027
05/10/2022;N;1;10,029
04/10/2022;N;1;10,026
03/10/2022;N;1;10,013
30/09/2022;N;3;9,998
29/09/2022;N;1;9,015
28/09/2022;N;1;9,015
27/09/2022;N;1;9,009
26/09/2022;N;1;9,020
23/09/2022;N;3;9,038
22/09/2022;N;1;9,031
21/09/2022;N;1;9,025
20/09/2022;N;1;9,017
19/09/2022;N;1;9,011
16/09/2022;N;3;9,008
15/09/2022;N;1;9,006
14/09/2022;N;1;8,991
13/09/2022;N;1;8,978
12/09/2022;N;1;8,995
09/09/2022;N;3;8,999
08/09/2022;N;1;9,003
07/09/2022;N;1;9,001
06/09/2022;N;1;9,012
05/09/2022;N;1;9,011
02/09/2022;N;3;9,000
01/09/2022;N;1;9,011
31/08/2022;N;1;9,004
30/08/2022;N;1;8,997
29/08/2022;N;1;9,006
26/08/2022;N;3;9,010
25/08/2022;N;1;9,015
24/08/2022;N;1;9,012
23/08/2022;N;1;9,010
22/08/2022;N;1;9,017
19/08/2022;N;3;9,012
18/08/2022;N;1;9,012
17/08/2022;N;1;9,006
16/08/2022;N;1;9,009
12/08/2022;N;4;8,996
11/08/2022;N;1;9,004
10/08/2022;N;1;9,006
09/08/2022;N;1;9,006
08/08/2022;N;1;9,011
05/08/2022;N;3;9,007
04/08/2022;N;1;9,010
03/08/2022;N;1;9,012
02/08/2022;N;1;9,007
01/08/2022;N;1;9,003
29/07/2022;N;3;7,443
28/07/2022;N;1;7,458
27/07/2022;N;1;7,474
26/07/2022;N;1;7,495
25/07/2022;N;1;7,482
22/07/2022;N;3;7,500
21/07/2022;N;1;7,500
19/07/2022;N;2;7,486
18/07/2022;N;1;7,480
15/07/2022;N;3;7,494
14/07/2022;N;1;7,506
13/07/2022;N;1;7,505
12/07/2022;N;1;7,507
11/07/2022;N;1;7,505
08/07/2022;N;3;7,502
07/07/2022;N;1;7,512
06/07/2022;N;1;7,509
05/07/2022;N;1;7,506
01/07/2022;N;4;7,493
30/06/2022;N;1;5,999
29/06/2022;N;1;6,021
28/06/2022;N;1;6,021
24/06/2022;N;4;6,021
23/06/2022;N;1;6,016
22/06/2022;N;1;6,016
21/06/2022;N;1;6,018
17/06/2022;N;4;6,017
16/06/2022;N;1;6,012
15/06/2022;N;1;6,007
14/06/2022;N;1;6,030
13/06/2022;N;1;6,045
10/06/2022;N;3;6,034
09/06/2022;N;1;6,034
08/06/2022;N;1;6,032
07/06/2022;N;1;6,042
06/06/2022;N;1;6,032
03/06/2022;N;3;6,025
02/06/2022;N;1;6,025
01/06/2022;N;1;6,020
31/05/2022;N;1;6,007
27/05/2022;N;4;6,007
26/05/2022;N;1;6,005
25/05/2022;N;1;6,005
24/05/2022;N;1;6,004
23/05/2022;N;1;6,003
20/05/2022;N;3;6,003
19/05/2022;N;1;6,003
18/05/2022;N;1;6,001
17/05/2022;N;1;5,999
16/05/2022;N;1;5,996
13/05/2022;N;3;5,989
12/05/2022;N;1;5,966
11/05/2022;N;1;5,970
10/05/2022;N;1;5,950
09/05/2022;N;1;5,981
06/05/2022;N;3;5,981
05/05/2022;N;1;5,998
04/05/2022;N;1;6,006
03/05/2022;N;1;6,011
02/05/2022;N;1;6,006
29/04/2022;N;3;5,008
28/04/2022;N;1;5,003
27/04/2022;N;1;4,993
26/04/2022;N;1;4,990
25/04/2022;N;1;4,999
22/04/2022;N;3;5,007
21/04/2022;N;1;5,008
20/04/2022;N;1;5,003
19/04/2022;N;1;4,999
18/04/2022;N;1;4,995
13/04/2022;N;5;4,989
12/04/2022;N;1;4,974
11/04/2022;N;1;4,976
08/04/2022;N;3;4,976
07/04/2022;N;1;4,977
06/04/2022;N;1;4,993
05/04/2022;N;1;4,993
04/04/2022;N;1;4,999
01/04/2022;N;3;4,997
31/03/2022;N;1;4,009
30/03/2022;N;1;3,988
29/03/2022;N;1;3,974
28/03/2022;N;1;4,003
25/03/2022;N;3;4,007
24/03/2022;N;1;4,008
23/03/2022;N;1;4,004
22/03/2022;N;1;4,004
18/03/2022;N;4;4,001
17/03/2022;N;1;4,000
16/03/2022;N;1;3,948
15/03/2022;N;1;3,856
14/03/2022;N;1;3,941
11/03/2022;N;3;3,964
10/03/2022;N;1;3,994
09/03/2022;N;1;4,008
08/03/2022;N;1;4,012
07/03/2022;N;1;4,005
04/03/2022;N;3;4,001
03/03/2022;N;1;4,004
02/03/2022;N;1;4,003
01/03/2022;N;1;3,997
28/02/2022;N;1;4,000
25/02/2022;N;3;4,008
24/02/2022;N;1;4,018
23/02/2022;N;1;4,010
22/02/2022;N;1;4,015
21/02/2022;N;1;4,010
18/02/2022;N;3;4,004
17/02/2022;N;1;4,000
16/02/2022;N;1;4,008
15/02/2022;N;1;4,008
14/02/2022;N;1;4,010
11/02/2022;N;3;4,010
10/02/2022;N;1;4,016
09/02/2022;N;1;4,016
08/02/2022;N;1;4,012
07/02/2022;N;1;4,018
04/02/2022;N;3;4,017
03/02/2022;N;1;4,018
02/02/2022;N;1;4,015
01/02/2022;N;1;4,013
31/01/2022;N;1;4,007
28/01/2022;N;3;3,015
27/01/2022;N;1;3,014
26/01/2022;N;1;3,015
25/01/2022;N;1;3,013
24/01/2022;N;1;3,017
21/01/2022;N;3;3,022
20/01/2022;N;1;3,038
19/01/2022;N;1;3,030
18/01/2022;N;1;3,054
17/01/2022;N;1;3,016
14/01/2022;N;3;3,007
13/01/2022;N;1;3,002
12/01/2022;N;1;3,001
11/01/2022;N;1;3,001
07/01/2022;N;4;3,000
06/01/2022;N;1;2,998
05/01/2022;N;1;2,995
04/01/2022;N;1;2,981
03/01/2022;N;1;2,998
30/12/2021;N;4;2,989
29/12/2021;N;1;2,997
28/12/2021;N;1;2,998
27/12/2021;N;1;3,001
24/12/2021;N;3;2,999
23/12/2021;N;1;2,996
22/12/2021;N;1;2,992
21/12/2021;N;1;2,989
20/12/2021;N;1;3,003
17/12/2021;N;3;2,519
16/12/2021;N;1;2,522
15/12/2021;N;1;2,524
14/12/2021;N;1;2,524
13/12/2021;N;1;2,531
10/12/2021;N;3;2,530
09/12/2021;N;1;2,533
07/12/2021;N;2;2,533
06/12/2021;N;1;2,540
03/12/2021;N;3;2,533
02/12/2021;N;1;2,533
01/12/2021;N;1;2,536
30/11/2021;N;1;2,539
29/11/2021;N;1;2,541
26/11/2021;N;3;2,543
25/11/2021;N;1;2,539
24/11/2021;N;1;2,534
23/11/2021;N;1;2,516
22/11/2021;N;1;2,535
19/11/2021;N;3;2,530
18/11/2021;N;1;2,531
17/11/2021;N;1;2,521
16/11/2021;N;1;2,531
12/11/2021;N;4;2,529
11/11/2021;N;1;2,531
10/11/2021;N;1;2,522
09/11/2021;N;1;2,513
08/11/2021;N;1;2,515
05/11/2021;N;3;2,516
04/11/2021;N;1;2,523
03/11/2021;N;1;2,519
02/11/2021;N;1;2,510
29/10/2021;N;4;2,013
28/10/2021;N;1;2,019
27/10/2021;N;1;2,014
26/10/2021;N;1;2,009
25/10/2021;N;1;2,002
22/10/2021;N;3;2,008
21/10/2021;N;1;2,006
20/10/2021;N;1;2,008
19/10/2021;N;1;2,026
15/10/2021;N;4;2,024
14/10/2021;N;1;2,020
13/10/2021;N;1;2,016
12/10/2021;N;1;2,006
11/10/2021;N;1;2,012
08/10/2021;N;3;2,009
07/10/2021;N;1;2,023
06/10/2021;N;1;2,024
05/10/2021;N;1;2,028
04/10/2021;N;1;2,027
01/10/2021;N;3;2,020
30/09/2021;N;1;1,785
29/09/2021;N;1;1,784
28/09/2021;N;1;1,783
27/09/2021;N;1;1,781
24/09/2021;N;3;1,778
23/09/2021;N;1;1,775
22/09/2021;N;1;1,775
21/09/2021;N;1;1,774
20/09/2021;N;1;1,773
17/09/2021;N;3;1,770
16/09/2021;N;1;1,766
15/09/2021;N;1;1,761
14/09/2021;N;1;1,758
13/09/2021;N;1;1,754
10/09/2021;N;3;1,750
09/09/2021;N;1;1,750
08/09/2021;N;1;1,755
07/09/2021;N;1;1,764
06/09/2021;N;1;1,767
03/09/2021;N;3;1,766
02/09/2021;N;1;1,763
01/09/2021;N;1;1,760
31/08/2021;N;1;1,758
30/08/2021;N;1;1,759
27/08/2021;N;3;1,760
26/08/2021;N;1;1,758
25/08/2021;N;1;1,756
24/08/2021;N;1;1,756
23/08/2021;N;1;1,753
20/08/2021;N;3;1,753
19/08/2021;N;1;1,753
18/08/2021;N;1;1,753
17/08/2021;N;1;1,753
13/08/2021;N;4;1,752
12/08/2021;N;1;1,752
11/08/2021;N;1;1,752
10/08/2021;N;1;1,752
09/08/2021;N;1;1,752
06/08/2021;N;3;1,753
05/08/2021;N;1;1,753
04/08/2021;N;1;1,753
03/08/2021;N;1;1,753
02/08/2021;N;1;1,751
30/07/2021;N;3;1,751
29/07/2021;N;1;1,751
28/07/2021;N;1;1,754
27/07/2021;N;1;1,755
26/07/2021;N;1;1,755
23/07/2021;N;3;1,755
22/07/2021;N;1;1,755
21/07/2021;N;1;1,755
19/07/2021;N;2;1,756
16/07/2021;N;3;1,754
15/07/2021;N;1;1,753
14/07/2021;N;1;1,752
13/07/2021;N;1;1,753
12/07/2021;N;1;1,751
09/07/2021;N;3;1,751
08/07/2021;N;1;1,753
07/07/2021;N;1;1,752
06/07/2021;N;1;1,753
02/07/2021;N;4;1,751
01/07/2021;N;1;1,750
30/06/2021;N;1;1,751
29/06/2021;N;1;1,751
28/06/2021;N;1;1,751
25/06/2021;N;3;1,751
24/06/2021;N;1;1,751
23/06/2021;N;1;1,751
22/06/2021;N;1;1,750
21/06/2021;N;1;1,751
18/06/2021;N;3;1,751
17/06/2021;N;1;1,751
16/06/2021;N;1;1,751
15/06/2021;N;1;1,752
11/06/2021;N;4;1,752
10/06/2021;N;1;1,751
09/06/2021;N;1;1,753
08/06/2021;N;1;1,756
04/06/2021;N;4;1,757
03/06/2021;N;1;1,760
02/06/2021;N;1;1,757
01/06/2021;N;1;1,754
31/05/2021;N;1;1,755
28/05/2021;N;3;1,765
27/05/2021;N;1;1,764
26/05/2021;N;1;1,761
25/05/2021;N;1;1,761
24/05/2021;N;1;1,758
21/05/2021;N;3;1,764
20/05/2021;N;1;1,760
19/05/2021;N;1;1,756
18/05/2021;N;1;1,754
14/05/2021;N;4;1,753
13/05/2021;N;1;1,753
12/05/2021;N;1;1,753
11/05/2021;N;1;1,748
10/05/2021;N;1;1,749
07/05/2021;N;3;1,755
06/05/2021;N;1;1,755
05/05/2021;N;1;1,755
04/05/2021;N;1;1,756
03/05/2021;N;1;1,755
30/04/2021;N;3;1,754
29/04/2021;N;1;1,750
28/04/2021;N;1;1,745
27/04/2021;N;1;1,749
26/04/2021;N;1;1,749
23/04/2021;N;3;1,748
22/04/2021;N;1;1,747
21/04/2021;N;1;1,742
20/04/2021;N;1;1,739
19/04/2021;N;1;1,739
16/04/2021;N;3;1,731
15/04/2021;N;1;1,731
14/04/2021;N;1;1,734
13/04/2021;N;1;1,730
12/04/2021;N;1;1,726
09/04/2021;N;3;1,734
08/04/2021;N;1;1,728
07/04/2021;N;1;1,726
06/04/2021;N;1;1,722
05/04/2021;N;1;1,723
31/03/2021;N;5;1,720
30/03/2021;N;1;1,726
29/03/2021;N;1;1,715
26/03/2021;N;3;1,718
25/03/2021;N;1;1,718
24/03/2021;N;1;1,718
23/03/2021;N;1;1,708
19/03/2021;N;4;1,710
18/03/2021;N;1;1,706
17/03/2021;N;1;1,692
16/03/2021;N;1;1,666
15/03/2021;N;1;1,650
12/03/2021;N;3;1,656
11/03/2021;N;1;1,706
10/03/2021;N;1;1,717
09/03/2021;N;1;1,724
08/03/2021;N;1;1,730
05/03/2021;N;3;1,735
04/03/2021;N;1;1,732
03/03/2021;N;1;1,730
02/03/2021;N;1;1,730
01/03/2021;N;1;1,734
26/02/2021;N;3;1,737
25/02/2021;N;1;1,744
24/02/2021;N;1;1,746
23/02/2021;N;1;1,746
22/02/2021;N;1;1,749
19/02/2021;N;3;1,750
18/02/2021;N;1;1,750
17/02/2021;N;1;1,750
16/02/2021;N;1;1,750
15/02/2021;N;1;1,751
12/02/2021;N;3;1,751
11/02/2021;N;1;1,750
10/02/2021;N;1;1,750
09/02/2021;N;1;1,751
08/02/2021;N;1;1,751
05/02/2021;N;3;1,751
04/02/2021;N;1;1,750
03/02/2021;N;1;1,751
02/02/2021;N;1;1,751
01/02/2021;N;1;1,750
29/01/2021;N;3;1,744
28/01/2021;N;1;1,745
27/01/2021;N;1;1,743
26/01/2021;N;1;1,739
25/01/2021;N;1;1,737
22/01/2021;N;3;1,734
21/01/2021;N;1;1,731
20/01/2021;N;1;1,729
19/01/2021;N;1;1,732
18/01/2021;N;1;1,736
15/01/2021;N;3;1,730
14/01/2021;N;1;1,731
13/01/2021;N;1;1,731
12/01/2021;N;1;1,733
08/01/2021;N;4;1,728
07/01/2021;N;1;1,729
06/01/2021;N;1;1,723
05/01/2021;N;1;1,724
04/01/2021;N;1;1,735
30/12/2020;N;5;1,740
29/12/2020;N;1;1,745
28/12/2020;N;1;1,751
24/12/2020;N;4;1,750
23/12/2020;N;1;1,751
22/12/2020;N;1;1,750
21/12/2020;N;1;1,750
18/12/2020;N;3;1,750
17/12/2020;N;1;1,750
16/12/2020;N;1;1,752
15/12/2020;N;1;1,751
14/12/2020;N;1;1,749
11/12/2020;N;3;1,750
10/12/2020;N;1;1,750
09/12/2020;N;1;1,752
07/12/2020;N;2;1,755
04/12/2020;N;3;1,752
03/12/2020;N;1;1,752
02/12/2020;N;1;1,752
01/12/2020;N;1;1,751
30/11/2020;N;1;1,750
27/11/2020;N;3;1,750
26/11/2020;N;1;1,751
25/11/2020;N;1;1,750
24/11/2020;N;1;1,743
23/11/2020;N;1;1,748
20/11/2020;N;3;1,748
19/11/2020;N;1;1,746
18/11/2020;N;1;1,739
17/11/2020;N;1;1,748
13/11/2020;N;4;1,746
12/11/2020;N;1;1,746
11/11/2020;N;1;1,748
10/11/2020;N;1;1,751
09/11/2020;N;1;1,746
06/11/2020;N;3;1,735
05/11/2020;N;1;1,743
04/11/2020;N;1;1,744
03/11/2020;N;1;1,746
30/10/2020;N;4;1,743
29/10/2020;N;1;1,746
28/10/2020;N;1;1,748
27/10/2020;N;1;1,750
26/10/2020;N;1;1,749
23/10/2020;N;3;1,747
22/10/2020;N;1;1,749
21/10/2020;N;1;1,751
20/10/2020;N;1;1,751
19/10/2020;N;1;1,750
16/10/2020;N;3;1,750
15/10/2020;N;1;1,749
14/10/2020;N;1;1,747
13/10/2020;N;1;1,744
09/10/2020;N;4;1,741
08/10/2020;N;1;1,749
07/10/2020;N;1;1,744
06/10/2020;N;1;1,747
05/10/2020;N;1;1,751
02/10/2020;N;3;1,752
01/10/2020;N;1;1,750
30/09/2020;N;1;1,756
29/09/2020;N;1;1,757
28/09/2020;N;1;1,753
25/09/2020;N;3;2,001
24/09/2020;N;1;1,999
23/09/2020;N;1;1,997
22/09/2020;N;1;1,999
21/09/2020;N;1;1,997
18/09/2020;N;3;1,997
17/09/2020;N;1;1,993
16/09/2020;N;1;1,990
15/09/2020;N;1;1,987
14/09/2020;N;1;1,974
11/09/2020;N;3;1,979
10/09/2020;N;1;1,985
09/09/2020;N;1;1,994
08/09/2020;N;1;2,000
07/09/2020;N;1;1,999
04/09/2020;N;3;1,998
03/09/2020;N;1;1,989
02/09/2020;N;1;1,986
01/09/2020;N;1;1,981
31/08/2020;N;1;2,227
28/08/2020;N;3;2,222
27/08/2020;N;1;2,225
26/08/2020;N;1;2,225
25/08/2020;N;1;2,227
24/08/2020;N;1;2,225
21/08/2020;N;3;2,214
20/08/2020;N;1;2,214
19/08/2020;N;1;2,215
18/08/2020;N;1;2,214
14/08/2020;N;4;2,215
13/08/2020;N;1;2,218
12/08/2020;N;1;2,219
11/08/2020;N;1;2,219
10/08/2020;N;1;2,219
06/08/2020;N;4;2,220
05/08/2020;N;1;2,219
04/08/2020;N;1;2,210
03/08/2020;N;1;2,232
31/07/2020;N;3;2,457
30/07/2020;N;1;2,465
29/07/2020;N;1;2,475
28/07/2020;N;1;2,475
27/07/2020;N;1;2,477
24/07/2020;N;3;2,486
23/07/2020;N;1;2,494
22/07/2020;N;1;2,499
21/07/2020;N;1;2,489
17/07/2020;N;4;2,489
16/07/2020;N;1;2,492
15/07/2020;N;1;2,499
14/07/2020;N;1;2,497
13/07/2020;N;1;2,493
10/07/2020;N;3;2,489
09/07/2020;N;1;2,488
08/07/2020;N;1;2,484
07/07/2020;N;1;2,482
06/07/2020;N;1;2,492
03/07/2020;N;3;2,493
02/07/2020;N;1;2,501
01/07/2020;N;1;2,499
30/06/2020;N;1;2,764
26/06/2020;N;4;2,755
25/06/2020;N;1;2,753
24/06/2020;N;1;2,753
23/06/2020;N;1;2,756
19/06/2020;N;4;2,755
18/06/2020;N;1;2,743
17/06/2020;N;1;2,731
16/06/2020;N;1;2,734
12/06/2020;N;4;2,745
11/06/2020;N;1;2,728
10/06/2020;N;1;2,737
09/06/2020;N;1;2,739
08/06/2020;N;1;2,742
05/06/2020;N;3;2,748
04/06/2020;N;1;2,768
03/06/2020;N;1;2,764
02/06/2020;N;1;2,755
01/06/2020;N;1;2,753
29/05/2020;N;3;3,248
28/05/2020;N;1;3,219
27/05/2020;N;1;3,206
26/05/2020;N;1;3,160
22/05/2020;N;4;3,189
21/05/2020;N;1;3,203
20/05/2020;N;1;3,222
19/05/2020;N;1;3,227
18/05/2020;N;1;3,217
15/05/2020;N;3;3,222
14/05/2020;N;1;3,227
13/05/2020;N;1;3,209
12/05/2020;N;1;3,217
11/05/2020;N;1;3,245
08/05/2020;N;3;3,251
07/05/2020;N;1;3,261
06/05/2020;N;1;3,254
05/05/2020;N;1;3,250
04/05/2020;N;1;3,248
30/04/2020;N;4;3,743
29/04/2020;N;1;3,712
28/04/2020;N;1;3,677
27/04/2020;N;1;3,675
24/04/2020;N;3;3,706
23/04/2020;N;1;3,720
22/04/2020;N;1;3,728
21/04/2020;N;1;3,722
20/04/2020;N;1;3,707
17/04/2020;N;3;3,707
16/04/2020;N;1;3,678
15/04/2020;N;1;3,633
14/04/2020;N;1;3,591
13/04/2020;N;1;3,516
08/04/2020;N;5;3,575
07/04/2020;N;1;3,571
06/04/2020;N;1;3,612
03/04/2020;N;3;3,710
02/04/2020;N;1;3,717
01/04/2020;N;1;3,647
31/03/2020;N;1;3,670
30/03/2020;N;1;3,717
27/03/2020;N;3;3,906
26/03/2020;N;1;4,038
25/03/2020;N;1;4,112
24/03/2020;N;1;4,149
20/03/2020;N;4;4,185
19/03/2020;N;1;4,231
18/03/2020;N;1;4,239
17/03/2020;N;1;4,247
16/03/2020;N;1;4,252
13/03/2020;N;3;4,251
12/03/2020;N;1;4,250
11/03/2020;N;1;4,252
10/03/2020;N;1;4,255
09/03/2020;N;1;4,254
06/03/2020;N;3;4,251
05/03/2020;N;1;4,252
04/03/2020;N;1;4,253
03/03/2020;N;1;4,250
02/03/2020;N;1;4,253
28/02/2020;N;3;4,252
27/02/2020;N;1;4,250
26/02/2020;N;1;4,251
25/02/2020;N;1;4,250
24/02/2020;N;1;4,250
21/02/2020;N;3;4,250
20/02/2020;N;1;4,253
19/02/2020;N;1;4,250
18/02/2020;N;1;4,251
17/02/2020;N;1;4,253
14/02/2020;N;3;4,250
13/02/2020;N;1;4,251
12/02/2020;N;1;4,250
11/02/2020;N;1;4,252
10/02/2020;N;1;4,251
07/02/2020;N;3;4,252
06/02/2020;N;1;4,253
05/02/2020;N;1;4,253
04/02/2020;N;1;4,252
03/02/2020;N;1;4,254
31/01/2020;N;3;4,253
30/01/2020;N;1;4,252
29/01/2020;N;1;4,254
28/01/2020;N;1;4,254
27/01/2020;N;1;4,254
24/01/2020;N;3;4,252
23/01/2020;N;1;4,253
22/01/2020;N;1;4,252
21/01/2020;N;1;4,252
20/01/2020;N;1;4,250
17/01/2020;N;3;4,251
16/01/2020;N;1;4,252
15/01/2020;N;1;4,252
14/01/2020;N;1;4,252
13/01/2020;N;1;4,255
10/01/2020;N;3;4,256
09/01/2020;N;1;4,255
08/01/2020;N;1;4,254
07/01/2020;N;1;4,257
03/01/2020;N;4;4,260
02/01/2020;N;1;4,259
30/12/2019;N;3;4,255
27/12/2019;N;3;4,253
26/12/2019;N;1;4,252
24/12/2019;N;2;4,247
23/12/2019;N;1;4,250
20/12/2019;N;3;4,250
19/12/2019;N;1;4,251
18/12/2019;N;1;4,251
17/12/2019;N;1;4,250
16/12/2019;N;1;4,250
13/12/2019;N;3;4,248
12/12/2019;N;1;4,250
11/12/2019;N;1;4,250
10/12/2019;N;1;4,251
09/12/2019;N;1;4,254
06/12/2019;N;3;4,258
05/12/2019;N;1;4,257
04/12/2019;N;1;4,255
03/12/2019;N;1;4,256
02/12/2019;N;1;4,255
29/11/2019;N;3;4,253
28/11/2019;N;1;4,258
27/11/2019;N;1;4,258
26/11/2019;N;1;4,258
25/11/2019;N;1;4,255
22/11/2019;N;3;4,255
21/11/2019;N;1;4,254
20/11/2019;N;1;4,252
19/11/2019;N;1;4,251
18/11/2019;N;1;4,250
15/11/2019;N;3;4,250
14/11/2019;N;1;4,251
13/11/2019;N;1;4,251
12/11/2019;N;1;4,250
08/11/2019;N;4;4,250
07/11/2019;N;1;4,252
06/11/2019;N;1;4,252
05/11/2019;N;1;4,255
01/11/2019;N;4;4,254
31/10/2019;N;1;4,257
30/10/2019;N;1;4,255
29/10/2019;N;1;4,255
28/10/2019;N;1;4,258
25/10/2019;N;3;4,256
24/10/2019;N;1;4,255
23/10/2019;N;1;4,254
22/10/2019;N;1;4,252
21/10/2019;N;1;4,252
18/10/2019;N;3;4,251
17/10/2019;N;1;4,250
16/10/2019;N;1;4,251
15/10/2019;N;1;4,251
11/10/2019;N;4;4,250
10/10/2019;N;1;4,251
09/10/2019;N;1;4,251
08/10/2019;N;1;4,250
07/10/2019;N;1;4,251
04/10/2019;N;3;4,250
03/10/2019;N;1;4,250
02/10/2019;N;1;4,250
01/10/2019;N;1;4,251
30/09/2019;N;1;4,251
27/09/2019;N;3;4,250
26/09/2019;N;1;4,251
25/09/2019;N;1;4,250
24/09/2019;N;1;4,250
23/09/2019;N;1;4,250
20/09/2019;N;3;4,249
19/09/2019;N;1;4,251
18/09/2019;N;1;4,251
17/09/2019;N;1;4,251
16/09/2019;N;1;4,250
13/09/2019;N;3;4,250
12/09/2019;N;1;4,250
11/09/2019;N;1;4,252
10/09/2019;N;1;4,255
09/09/2019;N;1;4,257
06/09/2019;N;3;4,260
05/09/2019;N;1;4,259
04/09/2019;N;1;4,258
03/09/2019;N;1;4,259
02/09/2019;N;1;4,265
30/08/2019;N;3;4,269
29/08/2019;N;1;4,271
28/08/2019;N;1;4,269
27/08/2019;N;1;4,269
26/08/2019;N;1;4,269
23/08/2019;N;3;4,267
22/08/2019;N;1;4,264
21/08/2019;N;1;4,267
20/08/2019;N;1;4,269
16/08/2019;N;4;4,265
15/08/2019;N;1;4,267
14/08/2019;N;1;4,264
13/08/2019;N;1;4,264
12/08/2019;N;1;4,264
09/08/2019;N;3;4,264
08/08/2019;N;1;4,264
06/08/2019;N;2;4,266
05/08/2019;N;1;4,264
02/08/2019;N;3;4,265
01/08/2019;N;1;4,265
31/07/2019;N;1;4,263
30/07/2019;N;1;4,262
29/07/2019;N;1;4,262
26/07/2019;N;3;4,262
25/07/2019;N;1;4,260
24/07/2019;N;1;4,258
23/07/2019;N;1;4,256
22/07/2019;N;1;4,256
19/07/2019;N;3;4,255
18/07/2019;N;1;4,254
17/07/2019;N;1;4,255
16/07/2019;N;1;4,254
15/07/2019;N;1;4,254
12/07/2019;N;3;4,253
11/07/2019;N;1;4,255
10/07/2019;N;1;4,254
09/07/2019;N;1;4,254
08/07/2019;N;1;4,255
05/07/2019;N;3;4,256
04/07/2019;N;1;4,257
03/07/2019;N;1;4,258
02/07/2019;N;1;4,259
28/06/2019;N;4;4,255
27/06/2019;N;1;4,253
26/06/2019;N;1;4,254
25/06/2019;N;1;4,253
21/06/2019;N;4;4,253
20/06/2019;N;1;4,255
19/06/2019;N;1;4,256
18/06/2019;N;1;4,256
17/06/2019;N;1;4,257
14/06/2019;N;3;4,256
13/06/2019;N;1;4,257
12/06/2019;N;1;4,257
11/06/2019;N;1;4,256
10/06/2019;N;1;4,261
07/06/2019;N;3;4,263
06/06/2019;N;1;4,262
05/06/2019;N;1;4,261
04/06/2019;N;1;4,260
31/05/2019;N;4;4,257
30/05/2019;N;1;4,258
29/05/2019;N;1;4,259
28/05/2019;N;1;4,262
27/05/2019;N;1;4,261
24/05/2019;N;3;4,262
23/05/2019;N;1;4,260
22/05/2019;N;1;4,258
21/05/2019;N;1;4,258
20/05/2019;N;1;4,257
17/05/2019;N;3;4,256
16/05/2019;N;1;4,256
15/05/2019;N;1;4,255
14/05/2019;N;1;4,254
13/05/2019;N;1;4,255
10/05/2019;N;3;4,254
09/05/2019;N;1;4,257
08/05/2019;N;1;4,255
07/05/2019;N;1;4,255
06/05/2019;N;1;4,254
03/05/2019;N;3;4,253
02/05/2019;N;1;4,253
30/04/2019;N;2;4,250
29/04/2019;N;1;4,251
26/04/2019;N;3;4,252
25/04/2019;N;1;4,251
24/04/2019;N;1;4,251
23/04/2019;N;1;4,251
22/04/2019;N;1;4,251
17/04/2019;N;5;4,249
16/04/2019;N;1;4,255
15/04/2019;N;1;4,255
12/04/2019;N;3;4,252
11/04/2019;N;1;4,254
10/04/2019;N;1;4,252
09/04/2019;N;1;4,251
08/04/2019;N;1;4,251
05/04/2019;N;3;4,250
04/04/2019;N;1;4,252
03/04/2019;N;1;4,250
02/04/2019;N;1;4,252
01/04/2019;N;1;4,252
29/03/2019;N;3;4,254
28/03/2019;N;1;4,253
27/03/2019;N;1;4,254
26/03/2019;N;1;4,253
22/03/2019;N;4;4,252
21/03/2019;N;1;4,255
20/03/2019;N;1;4,252
19/03/2019;N;1;4,250
18/03/2019;N;1;4,249
15/03/2019;N;3;4,248
14/03/2019;N;1;4,250
13/03/2019;N;1;4,250
12/03/2019;N;1;4,253
11/03/2019;N;1;4,254
08/03/2019;N;3;4,251
07/03/2019;N;1;4,250
06/03/2019;N;1;4,250
05/03/2019;N;1;4,250
04/03/2019;N;1;4,251
01/03/2019;N;3;4,253
28/02/2019;N;1;4,252
27/02/2019;N;1;4,252
26/02/2019;N;1;4,255
25/02/2019;N;1;4,254
22/02/2019;N;3;4,252
21/02/2019;N;1;4,253
20/02/2019;N;1;4,256
19/02/2019;N;1;4,260
18/02/2019;N;1;4,257
15/02/2019;N;3;4,253
14/02/2019;N;1;4,255
13/02/2019;N;1;4,254
12/02/2019;N;1;4,255
11/02/2019;N;1;4,255
08/02/2019;N;3;4,255
07/02/2019;N;1;4,255
06/02/2019;N;1;4,251
05/02/2019;N;1;4,252
04/02/2019;N;1;4,251
01/02/2019;N;3;4,250
31/01/2019;N;1;4,252
30/01/2019;N;1;4,252
29/01/2019;N;1;4,252
28/01/2019;N;1;4,252
25/01/2019;N;3;4,251
24/01/2019;N;1;4,252
23/01/2019;N;1;4,252
22/01/2019;N;1;4,253
21/01/2019;N;1;4,252
18/01/2019;N;3;4,251
17/01/2019;N;1;4,251
16/01/2019;N;1;4,250
15/01/2019;N;1;4,250
14/01/2019;N;1;4,251
11/01/2019;N;3;4,250
10/01/2019;N;1;4,250
09/01/2019;N;1;4,250
08/01/2019;N;1;4,253
04/01/2019;N;4;4,249
03/01/2019;N;1;4,244
02/01/2019;N;1;4,244
28/12/2018;N;5;4,242
27/12/2018;N;1;4,243
26/12/2018;N;1;4,242
24/12/2018;N;2;4,241
21/12/2018;N;3;4,244
20/12/2018;N;1;4,244
19/12/2018;N;1;4,243
18/12/2018;N;1;4,239
17/12/2018;N;1;4,238
14/12/2018;N;3;4,246
13/12/2018;N;1;4,237
12/12/2018;N;1;4,244
11/12/2018;N;1;4,247
10/12/2018;N;1;4,247
07/12/2018;N;3;4,248
06/12/2018;N;1;4,251
05/12/2018;N;1;4,250
04/12/2018;N;1;4,246
03/12/2018;N;1;4,251
30/11/2018;N;3;4,250
29/11/2018;N;1;4,250
28/11/2018;N;1;4,246
27/11/2018;N;1;4,246
26/11/2018;N;1;4,249
23/11/2018;N;3;4,248
22/11/2018;N;1;4,251
21/11/2018;N;1;4,251
20/11/2018;N;1;4,252
19/11/2018;N;1;4,253
16/11/2018;N;3;4,251
15/11/2018;N;1;4,251
14/11/2018;N;1;4,251
13/11/2018;N;1;4,252
09/11/2018;N;4;4,253
08/11/2018;N;1;4,253
07/11/2018;N;1;4,254
06/11/2018;N;1;4,256
02/11/2018;N;4;4,255
01/11/2018;N;1;4,255
31/10/2018;N;1;4,255
30/10/2018;N;1;4,255
29/10/2018;N;1;4,254
26/10/2018;N;3;4,252
25/10/2018;N;1;4,255
24/10/2018;N;1;4,255
23/10/2018;N;1;4,256
22/10/2018;N;1;4,256
19/10/2018;N;3;4,254
18/10/2018;N;1;4,258
17/10/2018;N;1;4,259
16/10/2018;N;1;4,259
12/10/2018;N;4;4,256
11/10/2018;N;1;4,257
10/10/2018;N;1;4,257
09/10/2018;N;1;4,258
08/10/2018;N;1;4,255
05/10/2018;N;3;4,255
04/10/2018;N;1;4,253
03/10/2018;N;1;4,251
02/10/2018;N;1;4,250
01/10/2018;N;1;4,250
28/09/2018;N;3;4,247
27/09/2018;N;1;4,250
26/09/2018;N;1;4,250
25/09/2018;N;1;4,250
24/09/2018;N;1;4,252
21/09/2018;N;3;4,250
20/09/2018;N;1;4,252
19/09/2018;N;1;4,252
18/09/2018;N;1;4,249
17/09/2018;N;1;4,247
14/09/2018;N;3;4,246
13/09/2018;N;1;4,244
12/09/2018;N;1;4,243
11/09/2018;N;1;4,242
10/09/2018;N;1;4,253
07/09/2018;N;3;4,252
06/09/2018;N;1;4,252
05/09/2018;N;1;4,253
04/09/2018;N;1;4,257
03/09/2018;N;1;4,254
31/08/2018;N;3;4,251
30/08/2018;N;1;4,250
29/08/2018;N;1;4,251
28/08/2018;N;1;4,252
27/08/2018;N;1;4,262
24/08/2018;N;3;4,259
23/08/2018;N;1;4,253
22/08/2018;N;1;4,251
21/08/2018;N;1;4,251
17/08/2018;N;4;4,250
16/08/2018;N;1;4,251
15/08/2018;N;1;4,250
14/08/2018;N;1;4,251
13/08/2018;N;1;4,253
10/08/2018;N;3;4,256
09/08/2018;N;1;4,254
08/08/2018;N;1;4,254
06/08/2018;N;2;4,253
03/08/2018;N;3;4,251
02/08/2018;N;1;4,251
01/08/2018;N;1;4,250
31/07/2018;N;1;4,250
30/07/2018;N;1;4,250
27/07/2018;N;3;4,249
26/07/2018;N;1;4,251
25/07/2018;N;1;4,250
24/07/2018;N;1;4,251
23/07/2018;N;1;4,253
19/07/2018;N;4;4,251
18/07/2018;N;1;4,251
17/07/2018;N;1;4,252
16/07/2018;N;1;4,255
13/07/2018;N;3;4,254
12/07/2018;N;1;4,258
11/07/2018;N;1;4,258
10/07/2018;N;1;4,259
09/07/2018;N;1;4,260
06/07/2018;N;3;4,258
05/07/2018;N;1;4,254
04/07/2018;N;1;4,252
03/07/2018;N;1;4,253
29/06/2018;N;4;4,250
28/06/2018;N;1;4,253
27/06/2018;N;1;4,252
26/06/2018;N;1;4,254
25/06/2018;N;1;4,257
22/06/2018;N;3;4,252
21/06/2018;N;1;4,252
20/06/2018;N;1;4,250
19/06/2018;N;1;4,242
18/06/2018;N;1;4,245
15/06/2018;N;3;4,248
14/06/2018;N;1;4,253
13/06/2018;N;1;4,256
12/06/2018;N;1;4,260
08/06/2018;N;4;4,263
07/06/2018;N;1;4,262
06/06/2018;N;1;4,259
05/06/2018;N;1;4,261
01/06/2018;N;4;4,267
31/05/2018;N;1;4,260
30/05/2018;N;1;4,258
29/05/2018;N;1;4,255
28/05/2018;N;1;4,253
25/05/2018;N;3;4,250
24/05/2018;N;1;4,243
23/05/2018;N;1;4,236
22/05/2018;N;1;4,233
21/05/2018;N;1;4,225
18/05/2018;N;3;4,224
17/05/2018;N;1;4,219
16/05/2018;N;1;4,214
15/05/2018;N;1;4,195
11/05/2018;N;4;4,202
10/05/2018;N;1;4,199
09/05/2018;N;1;4,204
08/05/2018;N;1;4,149
07/05/2018;N;1;4,250
04/05/2018;N;3;4,262
03/05/2018;N;1;4,267
02/05/2018;N;1;4,263
30/04/2018;N;2;4,258
27/04/2018;N;3;4,503
26/04/2018;N;1;4,502
25/04/2018;N;1;4,501
24/04/2018;N;1;4,500
23/04/2018;N;1;4,460
20/04/2018;N;3;4,432
19/04/2018;N;1;4,427
18/04/2018;N;1;4,423
17/04/2018;N;1;4,422
16/04/2018;N;1;4,421
13/04/2018;N;3;4,420
12/04/2018;N;1;4,422
11/04/2018;N;1;4,420
10/04/2018;N;1;4,416
09/04/2018;N;1;4,423
06/04/2018;N;3;4,433
05/04/2018;N;1;4,443
04/04/2018;N;1;4,438
03/04/2018;N;1;4,433
02/04/2018;N;1;4,426
28/03/2018;N;5;4,426
27/03/2018;N;1;4,448
26/03/2018;N;1;4,465
23/03/2018;N;3;4,471
22/03/2018;N;1;4,473
21/03/2018;N;1;4,476
20/03/2018;N;1;4,476
16/03/2018;N;4;4,480
15/03/2018;N;1;4,482
14/03/2018;N;1;4,484
13/03/2018;N;1;4,487
12/03/2018;N;1;4,489
09/03/2018;N;3;4,492
08/03/2018;N;1;4,497
07/03/2018;N;1;4,498
06/03/2018;N;1;4,499
05/03/2018;N;1;4,499
02/03/2018;N;3;4,500
01/03/2018;N;1;4,498
28/02/2018;N;1;4,499
27/02/2018;N;1;4,499
26/02/2018;N;1;4,506
23/02/2018;N;3;4,506
22/02/2018;N;1;4,506
21/02/2018;N;1;4,504
20/02/2018;N;1;4,502
19/02/2018;N;1;4,500
16/02/2018;N;3;4,501
15/02/2018;N;1;4,501
14/02/2018;N;1;4,501
13/02/2018;N;1;4,501
12/02/2018;N;1;4,502
09/02/2018;N;3;4,502
08/02/2018;N;1;4,504
07/02/2018;N;1;4,509
06/02/2018;N;1;4,514
05/02/2018;N;1;4,517
02/02/2018;N;3;4,515
01/02/2018;N;1;4,511
31/01/2018;N;1;4,506
30/01/2018;N;1;4,499
29/01/2018;N;1;4,751
26/01/2018;N;3;4,750
25/01/2018;N;1;4,750
24/01/2018;N;1;4,749
23/01/2018;N;1;4,749
22/01/2018;N;1;4,750
19/01/2018;N;3;4,747
18/01/2018;N;1;4,744
17/01/2018;N;1;4,740
16/01/2018;N;1;4,740
15/01/2018;N;1;4,740
12/01/2018;N;3;4,737
11/01/2018;N;1;4,733
10/01/2018;N;1;4,728
09/01/2018;N;1;4,723
05/01/2018;N;4;4,713
04/01/2018;N;1;4,714
03/01/2018;N;1;4,689
02/01/2018;N;1;4,668
28/12/2017;N;5;4,688
27/12/2017;N;1;4,709
26/12/2017;N;1;4,719
22/12/2017;N;4;4,721
21/12/2017;N;1;4,731
20/12/2017;N;1;4,738
19/12/2017;N;1;4,739
18/12/2017;N;1;4,741
15/12/2017;N;3;4,735
14/12/2017;N;1;4,742
13/12/2017;N;1;4,743
12/12/2017;N;1;4,750
11/12/2017;N;1;4,752
07/12/2017;N;4;4,756
06/12/2017;N;1;4,755
05/12/2017;N;1;4,754
04/12/2017;N;1;4,752
01/12/2017;N;3;4,746
30/11/2017;N;1;4,753
29/11/2017;N;1;4,755
28/11/2017;N;1;4,755
27/11/2017;N;1;4,753
24/11/2017;N;3;5,014
23/11/2017;N;1;5,014
22/11/2017;N;1;5,020
21/11/2017;N;1;5,028
20/11/2017;N;1;5,028
17/11/2017;N;3;5,032
16/11/2017;N;1;5,030
15/11/2017;N;1;5,030
14/11/2017;N;1;5,030
10/11/2017;N;4;5,028
09/11/2017;N;1;5,026
08/11/2017;N;1;5,025
07/11/2017;N;1;5,023
03/11/2017;N;4;5,023
02/11/2017;N;1;5,021
01/11/2017;N;1;5,019
31/10/2017;N;1;5,019
30/10/2017;N;1;5,012
27/10/2017;N;3;5,266
26/10/2017;N;1;5,268
25/10/2017;N;1;5,267
24/10/2017;N;1;5,267
23/10/2017;N;1;5,270
20/10/2017;N;3;5,272
19/10/2017;N;1;5,273
18/10/2017;N;1;5,271
17/10/2017;N;1;5,269
13/10/2017;N;4;5,265
12/10/2017;N;1;5,266
11/10/2017;N;1;5,263
10/10/2017;N;1;5,268
09/10/2017;N;1;5,266
06/10/2017;N;3;5,277
05/10/2017;N;1;5,278
04/10/2017;N;1;5,276
03/10/2017;N;1;5,273
02/10/2017;N;1;5,270
29/09/2017;N;3;5,263
28/09/2017;N;1;5,262
27/09/2017;N;1;5,257
26/09/2017;N;1;5,252
25/09/2017;N;1;5,256
22/09/2017;N;3;5,258
21/09/2017;N;1;5,257
20/09/2017;N;1;5,255
19/09/2017;N;1;5,251
18/09/2017;N;1;5,251
15/09/2017;N;3;5,249
14/09/2017;N;1;5,250
13/09/2017;N;1;5,249
12/09/2017;N;1;5,250
11/09/2017;N;1;5,273
08/09/2017;N;3;5,278
07/09/2017;N;1;5,274
06/09/2017;N;1;5,267
05/09/2017;N;1;5,264
04/09/2017;N;1;5,260
01/09/2017;N;3;5,261
31/08/2017;N;1;5,517
30/08/2017;N;1;5,534
29/08/2017;N;1;5,551
28/08/2017;N;1;5,551
25/08/2017;N;3;5,545
24/08/2017;N;1;5,547
23/08/2017;N;1;5,542
22/08/2017;N;1;5,539
18/08/2017;N;4;5,537
17/08/2017;N;1;5,529
16/08/2017;N;1;5,529
15/08/2017;N;1;5,526
14/08/2017;N;1;5,515
11/08/2017;N;3;5,513
10/08/2017;N;1;5,509
09/08/2017;N;1;5,507
08/08/2017;N;1;5,504
04/08/2017;N;4;5,503
03/08/2017;N;1;5,503
02/08/2017;N;1;5,501
01/08/2017;N;1;5,500
31/07/2017;N;1;5,489
28/07/2017;N;3;5,500
27/07/2017;N;1;5,747
26/07/2017;N;1;5,754
25/07/2017;N;1;5,755
24/07/2017;N;1;5,755
21/07/2017;N;3;5,754
19/07/2017;N;2;5,754
18/07/2017;N;1;5,754
17/07/2017;N;1;5,755
14/07/2017;N;3;5,757
13/07/2017;N;1;5,757
12/07/2017;N;1;5,758
11/07/2017;N;1;5,757
10/07/2017;N;1;5,754
07/07/2017;N;3;5,754
06/07/2017;N;1;5,750
05/07/2017;N;1;5,749
04/07/2017;N;1;5,748
30/06/2017;N;4;6,252
29/06/2017;N;1;6,252
28/06/2017;N;1;6,257
27/06/2017;N;1;6,259
23/06/2017;N;4;6,256
22/06/2017;N;1;6,253
21/06/2017;N;1;6,251
20/06/2017;N;1;6,250
16/06/2017;N;4;6,248
15/06/2017;N;1;6,249
14/06/2017;N;1;6,251
13/06/2017;N;1;6,252
12/06/2017;N;1;6,254
09/06/2017;N;3;6,253
08/06/2017;N;1;6,252
07/06/2017;N;1;6,254
06/06/2017;N;1;6,253
05/06/2017;N;1;6,260
02/06/2017;N;3;6,259
01/06/2017;N;1;6,259
31/05/2017;N;1;6,260
30/05/2017;N;1;6,255
26/05/2017;N;4;6,507
25/05/2017;N;1;6,506
24/05/2017;N;1;6,506
23/05/2017;N;1;6,509
22/05/2017;N;1;6,509
19/05/2017;N;3;6,510
18/05/2017;N;1;6,509
17/05/2017;N;1;6,507
16/05/2017;N;1;6,509
15/05/2017;N;1;6,507
12/05/2017;N;3;6,505
11/05/2017;N;1;6,502
10/05/2017;N;1;6,507
09/05/2017;N;1;6,514
08/05/2017;N;1;6,509
05/05/2017;N;3;6,501
04/05/2017;N;1;6,499
03/05/2017;N;1;6,498
02/05/2017;N;1;6,497
28/04/2017;N;4;6,969
27/04/2017;N;1;6,980
26/04/2017;N;1;6,980
25/04/2017;N;1;6,980
24/04/2017;N;1;6,986
21/04/2017;N;3;6,987
20/04/2017;N;1;6,992
19/04/2017;N;1;6,993
18/04/2017;N;1;6,994
17/04/2017;N;1;6,994
12/04/2017;N;5;6,995
11/04/2017;N;1;6,994
10/04/2017;N;1;6,996
07/04/2017;N;3;6,997
06/04/2017;N;1;7,000
05/04/2017;N;1;7,001
04/04/2017;N;1;7,002
03/04/2017;N;1;7,000
31/03/2017;N;3;7,000
30/03/2017;N;1;6,998
29/03/2017;N;1;7,000
28/03/2017;N;1;7,000
27/03/2017;N;1;7,002
24/03/2017;N;3;7,249
23/03/2017;N;1;7,250
22/03/2017;N;1;7,249
21/03/2017;N;1;7,249
17/03/2017;N;4;7,248
16/03/2017;N;1;7,249
15/03/2017;N;1;7,250
14/03/2017;N;1;7,251
13/03/2017;N;1;7,254
10/03/2017;N;3;7,252
09/03/2017;N;1;7,251
08/03/2017;N;1;7,250
07/03/2017;N;1;7,250
06/03/2017;N;1;7,250
03/03/2017;N;3;7,249
02/03/2017;N;1;7,247
01/03/2017;N;1;7,233
28/02/2017;N;1;7,199
27/02/2017;N;1;7,246
24/02/2017;N;3;7,499
23/02/2017;N;1;7,501
22/02/2017;N;1;7,504
21/02/2017;N;1;7,503
20/02/2017;N;1;7,504
17/02/2017;N;3;7,501
16/02/2017;N;1;7,503
15/02/2017;N;1;7,503
14/02/2017;N;1;7,503
13/02/2017;N;1;7,504
10/02/2017;N;3;7,503
09/02/2017;N;1;7,504
08/02/2017;N;1;7,505
07/02/2017;N;1;7,504
06/02/2017;N;1;7,504
03/02/2017;N;3;7,500
02/02/2017;N;1;7,501
01/02/2017;N;1;7,500
31/01/2017;N;1;7,501
30/01/2017;N;1;7,500
27/01/2017;N;3;7,500
26/01/2017;N;1;7,503
25/01/2017;N;1;7,504
24/01/2017;N;1;7,504
23/01/2017;N;1;7,505
20/01/2017;N;3;7,504
19/01/2017;N;1;7,503
18/01/2017;N;1;7,503
17/01/2017;N;1;7,500
16/01/2017;N;1;7,501
13/01/2017;N;3;7,500
12/01/2017;N;1;7,507
11/01/2017;N;1;7,508
10/01/2017;N;1;7,509
06/01/2017;N;4;7,506
05/01/2017;N;1;7,504
04/01/2017;N;1;7,500
03/01/2017;N;1;7,494
02/01/2017;N;1;7,498
29/12/2016;N;4;7,503
28/12/2016;N;1;7,500
27/12/2016;N;1;7,503
26/12/2016;N;1;7,503
23/12/2016;N;3;7,502
22/12/2016;N;1;7,500
21/12/2016;N;1;7,500
20/12/2016;N;1;7,501
19/12/2016;N;1;7,500
16/12/2016;N;3;7,749
15/12/2016;N;1;7,752
14/12/2016;N;1;7,753
13/12/2016;N;1;7,753
12/12/2016;N;1;7,753
09/12/2016;N;3;7,749
07/12/2016;N;2;7,749
06/12/2016;N;1;7,751
05/12/2016;N;1;7,749
02/12/2016;N;3;7,747
01/12/2016;N;1;7,750
30/11/2016;N;1;7,750
29/11/2016;N;1;7,749
28/11/2016;N;1;7,751
25/11/2016;N;3;7,747
24/11/2016;N;1;7,751
23/11/2016;N;1;7,749
22/11/2016;N;1;7,745
21/11/2016;N;1;7,750
18/11/2016;N;3;7,745
17/11/2016;N;1;7,745
16/11/2016;N;1;7,746
15/11/2016;N;1;7,748
11/11/2016;N;4;7,746
10/11/2016;N;1;7,748
09/11/2016;N;1;7,749
08/11/2016;N;1;7,749
04/11/2016;N;4;7,741
03/11/2016;N;1;7,747
02/11/2016;N;1;7,749
01/11/2016;N;1;7,750
31/10/2016;N;1;7,750
28/10/2016;N;3;7,746
27/10/2016;N;1;7,748
26/10/2016;N;1;7,748
25/10/2016;N;1;7,751
24/10/2016;N;1;7,756
21/10/2016;N;3;7,762
20/10/2016;N;1;7,762
19/10/2016;N;1;7,759
18/10/2016;N;1;7,755
14/10/2016;N;4;7,748
13/10/2016;N;1;7,749
12/10/2016;N;1;7,746
11/10/2016;N;1;7,747
10/10/2016;N;1;7,750
07/10/2016;N;3;7,749
06/10/2016;N;1;7,755
05/10/2016;N;1;7,760
04/10/2016;N;1;7,759
03/10/2016;N;1;7,750
30/09/2016;N;3;7,749
29/09/2016;N;1;7,751
28/09/2016;N;1;7,752
27/09/2016;N;1;7,756
26/09/2016;N;1;7,761
23/09/2016;N;3;7,755
22/09/2016;N;1;7,762
21/09/2016;N;1;7,759
20/09/2016;N;1;7,756
19/09/2016;N;1;7,756
16/09/2016;N;3;7,753
15/09/2016;N;1;7,753
14/09/2016;N;1;7,760
13/09/2016;N;1;7,757
12/09/2016;N;1;7,768
09/09/2016;N;3;7,758
08/09/2016;N;1;7,751
07/09/2016;N;1;7,750
06/09/2016;N;1;7,757
05/09/2016;N;1;7,758
02/09/2016;N;3;7,751
01/09/2016;N;1;7,747
31/08/2016;N;1;7,750
30/08/2016;N;1;7,749
29/08/2016;N;1;7,765
26/08/2016;N;3;7,774
25/08/2016;N;1;7,784
24/08/2016;N;1;7,786
23/08/2016;N;1;7,788
22/08/2016;N;1;7,784
19/08/2016;N;3;7,780
18/08/2016;N;1;7,780
17/08/2016;N;1;7,780
16/08/2016;N;1;7,784
12/08/2016;N;4;7,768
11/08/2016;N;1;7,768
10/08/2016;N;1;7,767
09/08/2016;N;1;7,764
08/08/2016;N;1;7,762
05/08/2016;N;3;7,756
04/08/2016;N;1;7,750
03/08/2016;N;1;7,743
02/08/2016;N;1;7,724
01/08/2016;N;1;7,736
29/07/2016;N;3;7,429
28/07/2016;N;1;7,443
27/07/2016;N;1;7,445
26/07/2016;N;1;7,451
25/07/2016;N;1;7,450
22/07/2016;N;3;7,443
21/07/2016;N;1;7,451
19/07/2016;N;2;7,449
18/07/2016;N;1;7,449
15/07/2016;N;3;7,457
14/07/2016;N;1;7,469
13/07/2016;N;1;7,477
12/07/2016;N;1;7,477
11/07/2016;N;1;7,482
08/07/2016;N;3;7,488
07/07/2016;N;1;7,493
06/07/2016;N;1;7,494
05/07/2016;N;1;7,491
01/07/2016;N;4;7,493
30/06/2016;N;1;7,500
29/06/2016;N;1;7,498
28/06/2016;N;1;7,500
27/06/2016;N;1;7,505
24/06/2016;N;3;7,505
23/06/2016;N;1;7,498
22/06/2016;N;1;7,271
21/06/2016;N;1;7,267
20/06/2016;N;1;7,259
17/06/2016;N;3;7,250
16/06/2016;N;1;7,250
15/06/2016;N;1;7,252
14/06/2016;N;1;7,261
13/06/2016;N;1;7,270
10/06/2016;N;3;7,266
09/06/2016;N;1;7,266
08/06/2016;N;1;7,263
07/06/2016;N;1;7,260
03/06/2016;N;4;7,259
02/06/2016;N;1;7,265
01/06/2016;N;1;7,260
31/05/2016;N;1;7,253
27/05/2016;N;4;7,046
26/05/2016;N;1;7,037
25/05/2016;N;1;7,027
24/05/2016;N;1;7,006
23/05/2016;N;1;7,019
20/05/2016;N;3;7,008
19/05/2016;N;1;7,008
18/05/2016;N;1;7,007
17/05/2016;N;1;7,003
16/05/2016;N;1;7,003
13/05/2016;N;3;7,004
12/05/2016;N;1;7,003
11/05/2016;N;1;6,998
10/05/2016;N;1;6,986
06/05/2016;N;4;6,999
05/05/2016;N;1;7,001
04/05/2016;N;1;7,001
03/05/2016;N;1;7,001
02/05/2016;N;1;7,000
29/04/2016;N;3;6,505
28/04/2016;N;1;6,505
27/04/2016;N;1;6,502
26/04/2016;N;1;6,489
25/04/2016;N;1;6,499
22/04/2016;N;3;6,498
21/04/2016;N;1;6,494
20/04/2016;N;1;6,495
19/04/2016;N;1;6,495
18/04/2016;N;1;6,495
15/04/2016;N;3;6,498
14/04/2016;N;1;6,499
13/04/2016;N;1;6,499
12/04/2016;N;1;6,497
11/04/2016;N;1;6,499
08/04/2016;N;3;6,501
07/04/2016;N;1;6,504
06/04/2016;N;1;6,502
05/04/2016;N;1;6,500
04/04/2016;N;1;6,500
01/04/2016;N;3;6,499
31/03/2016;N;1;6,505
30/03/2016;N;1;6,507
29/03/2016;N;1;6,496
28/03/2016;N;1;6,500
23/03/2016;N;5;6,497
22/03/2016;N;1;6,502
18/03/2016;N;4;6,250
17/03/2016;N;1;6,249
16/03/2016;N;1;6,245
15/03/2016;N;1;6,234
14/03/2016;N;1;6,249
11/03/2016;N;3;6,250
10/03/2016;N;1;6,253
09/03/2016;N;1;6,250
08/03/2016;N;1;6,247
07/03/2016;N;1;6,249
04/03/2016;N;3;6,251
03/03/2016;N;1;6,246
02/03/2016;N;1;6,247
01/03/2016;N;1;6,237
29/02/2016;N;1;6,247
26/02/2016;N;3;6,249
25/02/2016;N;1;6,247
24/02/2016;N;1;6,247
23/02/2016;N;1;6,250
22/02/2016;N;1;6,261
19/02/2016;N;3;6,007
18/02/2016;N;1;6,003
17/02/2016;N;1;6,007
16/02/2016;N;1;5,994
15/02/2016;N;1;6,011
12/02/2016;N;3;6,003
11/02/2016;N;1;6,006
10/02/2016;N;1;6,008
09/02/2016;N;1;6,007
08/02/2016;N;1;6,006
05/02/2016;N;3;6,005
04/02/2016;N;1;6,002
03/02/2016;N;1;6,001
02/02/2016;N;1;5,990
01/02/2016;N;1;6,002
29/01/2016;N;3;5,769
28/01/2016;N;1;5,777
27/01/2016;N;1;5,774
26/01/2016;N;1;5,782
25/01/2016;N;1;5,783
22/01/2016;N;3;5,778
21/01/2016;N;1;5,780
20/01/2016;N;1;5,777
19/01/2016;N;1;5,771
18/01/2016;N;1;5,784
15/01/2016;N;3;5,780
14/01/2016;N;1;5,778
13/01/2016;N;1;5,778
12/01/2016;N;1;5,786
08/01/2016;N;4;5,780
07/01/2016;N;1;5,779
06/01/2016;N;1;5,778
05/01/2016;N;1;5,776
04/01/2016;N;1;5,786
30/12/2015;N;5;5,785
29/12/2015;N;1;5,775
28/12/2015;N;1;5,767
24/12/2015;N;4;5,772
23/12/2015;N;1;5,761
22/12/2015;N;1;5,762
21/12/2015;N;1;5,756
18/12/2015;N;3;5,533
17/12/2015;N;1;5,524
16/12/2015;N;1;5,518
15/12/2015;N;1;5,515
14/12/2015;N;1;5,503
11/12/2015;N;3;5,503
10/12/2015;N;1;5,497
09/12/2015;N;1;5,493
07/12/2015;N;2;5,488
04/12/2015;N;3;5,486
03/12/2015;N;1;5,483
02/12/2015;N;1;5,477
01/12/2015;N;1;5,440
30/11/2015;N;1;5,461
27/11/2015;N;3;5,129
26/11/2015;N;1;5,108
25/11/2015;N;1;5,107
24/11/2015;N;1;5,110
23/11/2015;N;1;5,123
20/11/2015;N;3;5,112
19/11/2015;N;1;5,107
18/11/2015;N;1;5,093
17/11/2015;N;1;5,088
13/11/2015;N;4;5,097
12/11/2015;N;1;5,118
11/11/2015;N;1;5,125
10/11/2015;N;1;5,135
09/11/2015;N;1;5,151
06/11/2015;N;3;5,166
05/11/2015;N;1;5,192
04/11/2015;N;1;5,206
03/11/2015;N;1;5,247
30/10/2015;N;4;4,725
29/10/2015;N;1;4,753
28/10/2015;N;1;4,769
27/10/2015;N;1;4,786
26/10/2015;N;1;4,825
23/10/2015;N;3;4,885
22/10/2015;N;1;4,888
21/10/2015;N;1;4,896
20/10/2015;N;1;4,912
19/10/2015;N;1;4,918
16/10/2015;N;3;4,928
15/10/2015;N;1;4,912
14/10/2015;N;1;4,854
13/10/2015;N;1;4,857
09/10/2015;N;4;4,840
08/10/2015;N;1;4,824
07/10/2015;N;1;4,819
06/10/2015;N;1;4,812
05/10/2015;N;1;4,802
02/10/2015;N;3;4,795
01/10/2015;N;1;4,788
30/09/2015;N;1;4,783
29/09/2015;N;1;4,774
28/09/2015;N;1;4,769
25/09/2015;N;3;4,524
24/09/2015;N;1;4,523
23/09/2015;N;1;4,523
22/09/2015;N;1;4,524
21/09/2015;N;1;4,525
18/09/2015;N;3;4,523
17/09/2015;N;1;4,523
16/09/2015;N;1;4,520
15/09/2015;N;1;4,523
14/09/2015;N;1;4,523
11/09/2015;N;3;4,520
10/09/2015;N;1;4,518
09/09/2015;N;1;4,517
08/09/2015;N;1;4,515
07/09/2015;N;1;4,512
04/09/2015;N;3;4,510
03/09/2015;N;1;4,510
02/09/2015;N;1;4,508
01/09/2015;N;1;4,504
31/08/2015;N;1;4,515
28/08/2015;N;3;4,518
27/08/2015;N;1;4,525
26/08/2015;N;1;4,523
25/08/2015;N;1;4,524
24/08/2015;N;1;4,519
21/08/2015;N;3;4,514
20/08/2015;N;1;4,511
19/08/2015;N;1;4,505
18/08/2015;N;1;4,506
14/08/2015;N;4;4,511
13/08/2015;N;1;4,515
12/08/2015;N;1;4,518
11/08/2015;N;1;4,523
10/08/2015;N;1;4,525
06/08/2015;N;4;4,526
05/08/2015;N;1;4,528
04/08/2015;N;1;4,532
03/08/2015;N;1;4,530
31/07/2015;N;3;4,528
30/07/2015;N;1;4,531
29/07/2015;N;1;4,536
28/07/2015;N;1;4,541
27/07/2015;N;1;4,540
24/07/2015;N;3;4,537
23/07/2015;N;1;4,533
22/07/2015;N;1;4,532
21/07/2015;N;1;4,532
17/07/2015;N;4;4,528
16/07/2015;N;1;4,526
15/07/2015;N;1;4,523
14/07/2015;N;1;4,522
13/07/2015;N;1;4,525
10/07/2015;N;3;4,523
09/07/2015;N;1;4,526
08/07/2015;N;1;4,517
07/07/2015;N;1;4,517
06/07/2015;N;1;4,533
03/07/2015;N;3;4,529
02/07/2015;N;1;4,527
01/07/2015;N;1;4,523
30/06/2015;N;1;4,520
26/06/2015;N;4;4,519
25/06/2015;N;1;4,514
24/06/2015;N;1;4,509
23/06/2015;N;1;4,513
22/06/2015;N;1;4,510
19/06/2015;N;3;4,499
18/06/2015;N;1;4,499
17/06/2015;N;1;4,499
16/06/2015;N;1;4,502
12/06/2015;N;4;4,508
11/06/2015;N;1;4,505
10/06/2015;N;1;4,502
09/06/2015;N;1;4,502
05/06/2015;N;4;4,498
04/06/2015;N;1;4,505
03/06/2015;N;1;4,517
02/06/2015;N;1;4,515
01/06/2015;N;1;4,511
29/05/2015;N;3;4,508
28/05/2015;N;1;4,511
27/05/2015;N;1;4,510
26/05/2015;N;1;4,507
25/05/2015;N;1;4,505
22/05/2015;N;3;4,509
21/05/2015;N;1;4,508
20/05/2015;N;1;4,513
19/05/2015;N;1;4,512
15/05/2015;N;4;4,511
14/05/2015;N;1;4,505
13/05/2015;N;1;4,504
12/05/2015;N;1;4,506
11/05/2015;N;1;4,515
08/05/2015;N;3;4,509
07/05/2015;N;1;4,507
06/05/2015;N;1;4,512
05/05/2015;N;1;4,524
04/05/2015;N;1;4,523
30/04/2015;N;4;4,533
29/04/2015;N;1;4,524
28/04/2015;N;1;4,520
27/04/2015;N;1;4,513
24/04/2015;N;3;4,511
23/04/2015;N;1;4,507
22/04/2015;N;1;4,507
21/04/2015;N;1;4,506
20/04/2015;N;1;4,508
17/04/2015;N;3;4,504
16/04/2015;N;1;4,502
15/04/2015;N;1;4,504
14/04/2015;N;1;4,504
13/04/2015;N;1;4,509
10/04/2015;N;3;4,520
09/04/2015;N;1;4,522
08/04/2015;N;1;4,524
07/04/2015;N;1;4,524
06/04/2015;N;1;4,522
01/04/2015;N;5;4,518
31/03/2015;N;1;4,517
30/03/2015;N;1;4,514
27/03/2015;N;3;4,511
26/03/2015;N;1;4,510
25/03/2015;N;1;4,508
24/03/2015;N;1;4,505
20/03/2015;N;4;4,503
19/03/2015;N;1;4,500
18/03/2015;N;1;4,500
17/03/2015;N;1;4,500
16/03/2015;N;1;4,498
13/03/2015;N;3;4,498
12/03/2015;N;1;4,498
11/03/2015;N;1;4,500
10/03/2015;N;1;4,500
09/03/2015;N;1;4,500
06/03/2015;N;3;4,492
05/03/2015;N;1;4,493
04/03/2015;N;1;4,488
03/03/2015;N;1;4,477
02/03/2015;N;1;4,489
27/02/2015;N;3;4,491
26/02/2015;N;1;4,499
25/02/2015;N;1;4,499
24/02/2015;N;1;4,502
23/02/2015;N;1;4,507
20/02/2015;N;3;4,508
19/02/2015;N;1;4,508
18/02/2015;N;1;4,506
17/02/2015;N;1;4,502
16/02/2015;N;1;4,510
13/02/2015;N;3;4,518
12/02/2015;N;1;4,523
11/02/2015;N;1;4,525
10/02/2015;N;1;4,525
09/02/2015;N;1;4,525
06/02/2015;N;3;4,529
05/02/2015;N;1;4,535
04/02/2015;N;1;4,531
03/02/2015;N;1;4,523
02/02/2015;N;1;4,525
30/01/2015;N;3;4,536
29/01/2015;N;1;4,533
28/01/2015;N;1;4,532
27/01/2015;N;1;4,530
26/01/2015;N;1;4,527
23/01/2015;N;3;4,523
22/01/2015;N;1;4,516
21/01/2015;N;1;4,524
20/01/2015;N;1;4,524
19/01/2015;N;1;4,517
16/01/2015;N;3;4,508
15/01/2015;N;1;4,517
14/01/2015;N;1;4,523
13/01/2015;N;1;4,520
09/01/2015;N;4;4,516
08/01/2015;N;1;4,525
07/01/2015;N;1;4,524
06/01/2015;N;1;4,523
05/01/2015;N;1;4,522
02/01/2015;N;3;4,519
30/12/2014;N;3;4,517
29/12/2014;N;1;4,510
26/12/2014;N;3;4,501
24/12/2014;N;2;4,514
23/12/2014;N;1;4,519
22/12/2014;N;1;4,511
19/12/2014;N;3;4,507
18/12/2014;N;1;4,507
17/12/2014;N;1;4,510
16/12/2014;N;1;4,508
15/12/2014;N;1;4,506
12/12/2014;N;3;4,505
11/12/2014;N;1;4,505
10/12/2014;N;1;4,508
09/12/2014;N;1;4,506
05/12/2014;N;4;4,503
04/12/2014;N;1;4,501
03/12/2014;N;1;4,499
02/12/2014;N;1;4,501
01/12/2014;N;1;4,502
28/11/2014;N;3;4,502
27/11/2014;N;1;4,502
26/11/2014;N;1;4,501
25/11/2014;N;1;4,500
24/11/2014;N;1;4,502
21/11/2014;N;3;4,503
20/11/2014;N;1;4,502
19/11/2014;N;1;4,501
18/11/2014;N;1;4,502
14/11/2014;N;4;4,500
13/11/2014;N;1;4,500
12/11/2014;N;1;4,500
11/11/2014;N;1;4,502
10/11/2014;N;1;4,506
07/11/2014;N;3;4,500
06/11/2014;N;1;4,500
05/11/2014;N;1;4,500
04/11/2014;N;1;4,497
31/10/2014;N;4;4,487
30/10/2014;N;1;4,497
29/10/2014;N;1;4,498
28/10/2014;N;1;4,498
27/10/2014;N;1;4,498
24/10/2014;N;3;4,498
23/10/2014;N;1;4,498
22/10/2014;N;1;4,498
21/10/2014;N;1;4,497
20/10/2014;N;1;4,498
17/10/2014;N;3;4,491
16/10/2014;N;1;4,497
15/10/2014;N;1;4,499
14/10/2014;N;1;4,499
10/10/2014;N;4;4,491
09/10/2014;N;1;4,487
08/10/2014;N;1;4,494
07/10/2014;N;1;4,491
06/10/2014;N;1;4,480
03/10/2014;N;3;4,472
02/10/2014;N;1;4,459
01/10/2014;N;1;4,445
30/09/2014;N;1;4,435
29/09/2014;N;1;4,470
26/09/2014;N;3;4,456
25/09/2014;N;1;4,440
24/09/2014;N;1;4,417
23/09/2014;N;1;4,376
22/09/2014;N;1;4,339
19/09/2014;N;3;4,318
18/09/2014;N;1;4,295
17/09/2014;N;1;4,332
16/09/2014;N;1;4,361
15/09/2014;N;1;4,428
12/09/2014;N;3;4,459
11/09/2014;N;1;4,456
10/09/2014;N;1;4,454
09/09/2014;N;1;4,445
08/09/2014;N;1;4,427
05/09/2014;N;3;4,420
04/09/2014;N;1;4,411
03/09/2014;N;1;4,414
02/09/2014;N;1;4,416
01/09/2014;N;1;4,438
29/08/2014;N;3;4,118
28/08/2014;N;1;4,131
27/08/2014;N;1;4,131
26/08/2014;N;1;4,130
25/08/2014;N;1;4,132
22/08/2014;N;3;4,140
21/08/2014;N;1;4,136
20/08/2014;N;1;4,139
19/08/2014;N;1;4,128
15/08/2014;N;4;4,101
14/08/2014;N;1;4,065
13/08/2014;N;1;4,075
12/08/2014;N;1;4,049
11/08/2014;N;1;4,057
08/08/2014;N;3;4,054
06/08/2014;N;2;4,062
05/08/2014;N;1;4,071
04/08/2014;N;1;4,133
01/08/2014;N;3;4,143
31/07/2014;N;1;3,854
30/07/2014;N;1;3,865
29/07/2014;N;1;3,870
28/07/2014;N;1;3,868
25/07/2014;N;3;3,867
24/07/2014;N;1;3,879
23/07/2014;N;1;3,873
22/07/2014;N;1;3,873
21/07/2014;N;1;3,849
18/07/2014;N;3;3,848
17/07/2014;N;1;3,854
16/07/2014;N;1;3,870
15/07/2014;N;1;3,899
14/07/2014;N;1;3,917
11/07/2014;N;3;3,930
10/07/2014;N;1;3,949
09/07/2014;N;1;3,975
08/07/2014;N;1;3,988
07/07/2014;N;1;4,002
04/07/2014;N;3;4,008
03/07/2014;N;1;4,015
02/07/2014;N;1;4,017
01/07/2014;N;1;4,021
27/06/2014;N;4;4,023
26/06/2014;N;1;4,029
25/06/2014;N;1;4,023
24/06/2014;N;1;3,999
20/06/2014;N;4;3,702
19/06/2014;N;1;3,708
18/06/2014;N;1;3,703
17/06/2014;N;1;3,707
16/06/2014;N;1;3,707
13/06/2014;N;3;3,703
12/06/2014;N;1;3,707
11/06/2014;N;1;3,718
10/06/2014;N;1;3,741
09/06/2014;N;1;3,762
06/06/2014;N;3;3,751
05/06/2014;N;1;3,735
04/06/2014;N;1;3,738
03/06/2014;N;1;3,730
30/05/2014;N;4;3,425
29/05/2014;N;1;3,392
28/05/2014;N;1;3,400
27/05/2014;N;1;3,372
26/05/2014;N;1;3,387
23/05/2014;N;3;3,399
22/05/2014;N;1;3,419
21/05/2014;N;1;3,426
20/05/2014;N;1;3,434
19/05/2014;N;1;3,445
16/05/2014;N;3;3,452
15/05/2014;N;1;3,466
14/05/2014;N;1;3,501
13/05/2014;N;1;3,507
12/05/2014;N;1;3,507
09/05/2014;N;3;3,508
08/05/2014;N;1;3,506
07/05/2014;N;1;3,511
06/05/2014;N;1;3,504
05/05/2014;N;1;3,504
02/05/2014;N;3;3,497
30/04/2014;N;2;3,479
29/04/2014;N;1;3,479
28/04/2014;N;1;3,492
25/04/2014;N;3;3,236
24/04/2014;N;1;3,233
23/04/2014;N;1;3,238
22/04/2014;N;1;3,229
21/04/2014;N;1;3,231
16/04/2014;N;5;3,234
15/04/2014;N;1;3,222
14/04/2014;N;1;3,220
11/04/2014;N;3;3,213
10/04/2014;N;1;3,197
09/04/2014;N;1;3,188
08/04/2014;N;1;3,175
07/04/2014;N;1;3,164
04/04/2014;N;3;3,154
03/04/2014;N;1;3,158
02/04/2014;N;1;3,154
01/04/2014;N;1;3,147
31/03/2014;N;1;3,147
28/03/2014;N;3;3,132
27/03/2014;N;1;3,131
26/03/2014;N;1;3,130
25/03/2014;N;1;3,128
21/03/2014;N;4;3,130
20/03/2014;N;1;3,134
19/03/2014;N;1;3,128
18/03/2014;N;1;3,130
17/03/2014;N;1;3,143
14/03/2014;N;3;3,139
13/03/2014;N;1;3,143
12/03/2014;N;1;3,146
11/03/2014;N;1;3,151
10/03/2014;N;1;3,159
07/03/2014;N;3;3,172
06/03/2014;N;1;3,180
05/03/2014;N;1;3,199
04/03/2014;N;1;3,201
03/03/2014;N;1;3,219
28/02/2014;N;3;3,229
27/02/2014;N;1;3,235
26/02/2014;N;1;3,245
25/02/2014;N;1;3,248
24/02/2014;N;1;3,245
21/02/2014;N;3;3,243
20/02/2014;N;1;3,250
19/02/2014;N;1;3,238
18/02/2014;N;1;3,235
17/02/2014;N;1;3,247
14/02/2014;N;3;3,250
13/02/2014;N;1;3,255
12/02/2014;N;1;3,256
11/02/2014;N;1;3,259
10/02/2014;N;1;3,254
07/02/2014;N;3;3,251
06/02/2014;N;1;3,252
05/02/2014;N;1;3,250
04/02/2014;N;1;3,254
03/02/2014;N;1;3,252
31/01/2014;N;3;3,242
30/01/2014;N;1;3,239
29/01/2014;N;1;3,238
28/01/2014;N;1;3,247
27/01/2014;N;1;3,238
24/01/2014;N;3;3,233
23/01/2014;N;1;3,221
22/01/2014;N;1;3,219
21/01/2014;N;1;3,217
20/01/2014;N;1;3,224
17/01/2014;N;3;3,233
16/01/2014;N;1;3,235
15/01/2014;N;1;3,240
14/01/2014;N;1;3,245
13/01/2014;N;1;3,246
10/01/2014;N;3;3,238
09/01/2014;N;1;3,224
08/01/2014;N;1;3,215
07/01/2014;N;1;3,223
03/01/2014;N;4;3,234
02/01/2014;N;1;3,219
30/12/2013;N;3;3,224
27/12/2013;N;3;3,243
26/12/2013;N;1;3,219
24/12/2013;N;2;3,204
23/12/2013;N;1;3,250
20/12/2013;N;3;3,242
19/12/2013;N;1;3,245
18/12/2013;N;1;3,243
17/12/2013;N;1;3,242
16/12/2013;N;1;3,238
13/12/2013;N;3;3,227
12/12/2013;N;1;3,214
11/12/2013;N;1;3,227
10/12/2013;N;1;3,235
09/12/2013;N;1;3,215
06/12/2013;N;3;3,193
05/12/2013;N;1;3,188
04/12/2013;N;1;3,188
03/12/2013;N;1;3,193
02/12/2013;N;1;3,180
29/11/2013;N;3;3,193
28/11/2013;N;1;3,204
27/11/2013;N;1;3,227
26/11/2013;N;1;3,212
25/11/2013;N;1;3,227
22/11/2013;N;3;3,239
21/11/2013;N;1;3,248
20/11/2013;N;1;3,245
19/11/2013;N;1;3,247
18/11/2013;N;1;3,249
15/11/2013;N;3;3,260
14/11/2013;N;1;3,256
13/11/2013;N;1;3,263
12/11/2013;N;1;3,262
08/11/2013;N;4;3,258
07/11/2013;N;1;3,265
06/11/2013;N;1;3,262
05/11/2013;N;1;3,257
01/11/2013;N;4;3,253
31/10/2013;N;1;3,254
30/10/2013;N;1;3,248
29/10/2013;N;1;3,247
28/10/2013;N;1;3,256
25/10/2013;N;3;3,258
24/10/2013;N;1;3,257
23/10/2013;N;1;3,258
22/10/2013;N;1;3,259
21/10/2013;N;1;3,263
18/10/2013;N;3;3,264
17/10/2013;N;1;3,261
16/10/2013;N;1;3,255
15/10/2013;N;1;3,254
11/10/2013;N;4;3,252
10/10/2013;N;1;3,256
09/10/2013;N;1;3,265
08/10/2013;N;1;3,267
07/10/2013;N;1;3,269
04/10/2013;N;3;3,272
03/10/2013;N;1;3,266
02/10/2013;N;1;3,261
01/10/2013;N;1;3,262
30/09/2013;N;1;3,277
27/09/2013;N;3;3,280
26/09/2013;N;1;3,284
25/09/2013;N;1;3,277
24/09/2013;N;1;3,274
23/09/2013;N;1;3,279
20/09/2013;N;3;3,270
19/09/2013;N;1;3,270
18/09/2013;N;1;3,268
17/09/2013;N;1;3,259
16/09/2013;N;1;3,260
13/09/2013;N;3;3,258
12/09/2013;N;1;3,256
11/09/2013;N;1;3,259
10/09/2013;N;1;3,259
09/09/2013;N;1;3,259
06/09/2013;N;3;3,261
05/09/2013;N;1;3,256
04/09/2013;N;1;3,248
03/09/2013;N;1;3,247
02/09/2013;N;1;3,255
30/08/2013;N;3;3,262
29/08/2013;N;1;3,262
28/08/2013;N;1;3,261
27/08/2013;N;1;3,265
26/08/2013;N;1;3,266
23/08/2013;N;3;3,264
22/08/2013;N;1;3,267
21/08/2013;N;1;3,261
20/08/2013;N;1;3,256
16/08/2013;N;4;3,251
15/08/2013;N;1;3,255
14/08/2013;N;1;3,254
13/08/2013;N;1;3,254
12/08/2013;N;1;3,256
09/08/2013;N;3;3,260
08/08/2013;N;1;3,251
06/08/2013;N;2;3,248
05/08/2013;N;1;3,248
02/08/2013;N;3;3,248
01/08/2013;N;1;3,248
31/07/2013;N;1;3,250
30/07/2013;N;1;3,252
29/07/2013;N;1;3,257
26/07/2013;N;3;3,252
25/07/2013;N;1;3,251
24/07/2013;N;1;3,251
23/07/2013;N;1;3,250
22/07/2013;N;1;3,247
19/07/2013;N;3;3,216
18/07/2013;N;1;3,166
17/07/2013;N;1;3,145
16/07/2013;N;1;3,138
15/07/2013;N;1;3,138
12/07/2013;N;3;3,143
11/07/2013;N;1;3,146
10/07/2013;N;1;3,146
09/07/2013;N;1;3,155
08/07/2013;N;1;3,161
05/07/2013;N;3;3,151
04/07/2013;N;1;3,155
03/07/2013;N;1;3,158
02/07/2013;N;1;3,167
28/06/2013;N;4;3,161
27/06/2013;N;1;3,151
26/06/2013;N;1;3,128
25/06/2013;N;1;3,125
24/06/2013;N;1;3,130
21/06/2013;N;3;3,141
20/06/2013;N;1;3,149
19/06/2013;N;1;3,160
18/06/2013;N;1;3,167
17/06/2013;N;1;3,179
14/06/2013;N;3;3,182
13/06/2013;N;1;3,178
12/06/2013;N;1;3,171
11/06/2013;N;1;3,165
07/06/2013;N;4;3,183
06/06/2013;N;1;3,180
05/06/2013;N;1;3,179
04/06/2013;N;1;3,175
31/05/2013;N;4;3,180
30/05/2013;N;1;3,184
29/05/2013;N;1;3,189
28/05/2013;N;1;3,195
27/05/2013;N;1;3,212
24/05/2013;N;3;3,222
23/05/2013;N;1;3,228
22/05/2013;N;1;3,222
21/05/2013;N;1;3,219
20/05/2013;N;1;3,215
17/05/2013;N;3;3,201
16/05/2013;N;1;3,198
15/05/2013;N;1;3,188
14/05/2013;N;1;3,198
10/05/2013;N;4;3,224
09/05/2013;N;1;3,219
08/05/2013;N;1;3,182
07/05/2013;N;1;3,150
06/05/2013;N;1;3,112
03/05/2013;N;3;3,130
02/05/2013;N;1;3,125
30/04/2013;N;2;3,112
29/04/2013;N;1;3,125
26/04/2013;N;3;3,130
25/04/2013;N;1;3,145
24/04/2013;N;1;3,150
23/04/2013;N;1;3,159
22/04/2013;N;1;3,181
19/04/2013;N;3;3,171
18/04/2013;N;1;3,173
17/04/2013;N;1;3,169
16/04/2013;N;1;3,165
15/04/2013;N;1;3,144
12/04/2013;N;3;3,122
11/04/2013;N;1;3,130
10/04/2013;N;1;3,136
09/04/2013;N;1;3,130
08/04/2013;N;1;3,142
05/04/2013;N;3;3,141
04/04/2013;N;1;3,145
03/04/2013;N;1;3,154
02/04/2013;N;1;3,164
01/04/2013;N;1;3,182
27/03/2013;N;5;3,202
26/03/2013;N;1;3,227
22/03/2013;N;4;3,698
21/03/2013;N;1;3,703
20/03/2013;N;1;3,716
19/03/2013;N;1;3,745
18/03/2013;N;1;3,745
15/03/2013;N;3;3,737
14/03/2013;N;1;3,745
13/03/2013;N;1;3,739
12/03/2013;N;1;3,741
11/03/2013;N;1;3,755
08/03/2013;N;3;3,755
07/03/2013;N;1;3,758
06/03/2013;N;1;3,752
05/03/2013;N;1;3,736
04/03/2013;N;1;3,733
01/03/2013;N;3;3,743
28/02/2013;N;1;3,748
27/02/2013;N;1;3,752
26/02/2013;N;1;3,752
25/02/2013;N;1;3,749
22/02/2013;N;3;3,983
21/02/2013;N;1;3,980
20/02/2013;N;1;3,977
19/02/2013;N;1;3,983
18/02/2013;N;1;3,986
15/02/2013;N;3;3,988
14/02/2013;N;1;3,992
13/02/2013;N;1;4,002
12/02/2013;N;1;4,010
11/02/2013;N;1;4,010
08/02/2013;N;3;4,004
07/02/2013;N;1;3,996
06/02/2013;N;1;3,996
05/02/2013;N;1;3,994
04/02/2013;N;1;3,986
01/02/2013;N;3;3,967
31/01/2013;N;1;3,975
30/01/2013;N;1;3,996
29/01/2013;N;1;4,012
28/01/2013;N;1;4,217
25/01/2013;N;3;4,216
24/01/2013;N;1;4,215
23/01/2013;N;1;4,216
22/01/2013;N;1;4,213
21/01/2013;N;1;4,218
18/01/2013;N;3;4,220
17/01/2013;N;1;4,222
16/01/2013;N;1;4,216
15/01/2013;N;1;4,217
14/01/2013;N;1;4,218
11/01/2013;N;3;4,213
10/01/2013;N;1;4,216
09/01/2013;N;1;4,217
08/01/2013;N;1;4,217
04/01/2013;N;4;4,221
03/01/2013;N;1;4,237
02/01/2013;N;1;4,226
28/12/2012;N;5;4,243
27/12/2012;N;1;4,250
26/12/2012;N;1;4,253
24/12/2012;N;2;4,274
21/12/2012;N;3;4,515
20/12/2012;N;1;4,529
19/12/2012;N;1;4,532
18/12/2012;N;1;4,530
17/12/2012;N;1;4,532
14/12/2012;N;3;4,532
13/12/2012;N;1;4,533
12/12/2012;N;1;4,532
11/12/2012;N;1;4,529
10/12/2012;N;1;4,532
07/12/2012;N;3;4,532
06/12/2012;N;1;4,527
05/12/2012;N;1;4,525
04/12/2012;N;1;4,522
03/12/2012;N;1;4,514
30/11/2012;N;3;4,501
29/11/2012;N;1;4,501
28/11/2012;N;1;4,499
27/11/2012;N;1;4,505
26/11/2012;N;1;4,500
23/11/2012;N;3;4,745
22/11/2012;N;1;4,752
21/11/2012;N;1;4,755
20/11/2012;N;1;4,755
19/11/2012;N;1;4,753
16/11/2012;N;3;4,742
15/11/2012;N;1;4,708
14/11/2012;N;1;4,708
13/11/2012;N;1;4,709
09/11/2012;N;4;4,725
08/11/2012;N;1;4,742
07/11/2012;N;1;4,754
06/11/2012;N;1;4,758
02/11/2012;N;4;4,760
01/11/2012;N;1;4,742
31/10/2012;N;1;4,742
30/10/2012;N;1;4,737
29/10/2012;N;1;4,756
26/10/2012;N;3;4,755
25/10/2012;N;1;4,779
24/10/2012;N;1;4,787
23/10/2012;N;1;4,796
22/10/2012;N;1;4,795
19/10/2012;N;3;4,794
18/10/2012;N;1;4,786
17/10/2012;N;1;4,780
16/10/2012;N;1;4,776
12/10/2012;N;4;4,772
11/10/2012;N;1;4,778
10/10/2012;N;1;4,780
09/10/2012;N;1;4,778
08/10/2012;N;1;4,776
05/10/2012;N;3;4,772
04/10/2012;N;1;4,774
03/10/2012;N;1;4,761
02/10/2012;N;1;4,754
01/10/2012;N;1;4,777
28/09/2012;N;3;4,777
27/09/2012;N;1;4,776
26/09/2012;N;1;4,777
25/09/2012;N;1;4,778
24/09/2012;N;1;4,779
21/09/2012;N;3;4,776
20/09/2012;N;1;4,774
19/09/2012;N;1;4,764
18/09/2012;N;1;4,756
17/09/2012;N;1;4,760
14/09/2012;N;3;4,768
13/09/2012;N;1;4,774
12/09/2012;N;1;4,774
11/09/2012;N;1;4,774
10/09/2012;N;1;4,777
07/09/2012;N;3;4,782
06/09/2012;N;1;4,774
05/09/2012;N;1;4,771
04/09/2012;N;1;4,768
03/09/2012;N;1;4,771
31/08/2012;N;3;4,793
30/08/2012;N;1;4,817
29/08/2012;N;1;4,859
28/08/2012;N;1;4,875
27/08/2012;N;1;4,873
24/08/2012;N;3;5,114
23/08/2012;N;1;5,102
22/08/2012;N;1;5,093
21/08/2012;N;1;5,083
17/08/2012;N;4;5,133
16/08/2012;N;1;5,189
15/08/2012;N;1;5,248
14/08/2012;N;1;5,253
13/08/2012;N;1;5,251
10/08/2012;N;3;5,240
09/08/2012;N;1;5,257
08/08/2012;N;1;5,258
06/08/2012;N;2;5,258
03/08/2012;N;3;5,252
02/08/2012;N;1;5,253
01/08/2012;N;1;5,200
31/07/2012;;;5,258
30/07/2012;;;5,253
27/07/2012;;;5,471
26/07/2012;;;5,440
25/07/2012;;;5,413
24/07/2012;;;5,459
23/07/2012;;;5,456
19/07/2012;;;5,457
18/07/2012;;;5,456
17/07/2012;;;5,454
16/07/2012;;;5,451
13/07/2012;;;5,445
12/07/2012;;;5,426
11/07/2012;;;5,412
10/07/2012;;;5,397
09/07/2012;;;5,368
06/07/2012;;;5,359
05/07/2012;;;5,330
04/07/2012;;;5,322
03/07/2012;;;5,310
29/06/2012;;;5,316
28/06/2012;;;5,299
27/06/2012;;;5,310
26/06/2012;;;5,321
25/06/2012;;;5,315
22/06/2012;;;5,306
21/06/2012;;;5,300
20/06/2012;;;5,310
19/06/2012;;;5,312
15/06/2012;;;5,319
14/06/2012;;;5,313
13/06/2012;;;5,306
12/06/2012;;;5,302
08/06/2012;;;5,299
07/06/2012;;;5,295
06/06/2012;;;5,287
05/06/2012;;;5,284
04/06/2012;;;5,281
01/06/2012;;;5,278
31/05/2012;;;5,277
30/05/2012;;;5,276
29/05/2012;;;5,274
28/05/2012;;;5,274
25/05/2012;;;5,273
24/05/2012;;;5,273
23/05/2012;;;5,272
22/05/2012;;;5,270
18/05/2012;;;5,268
17/05/2012;;;5,269
16/05/2012;;;5,269
15/05/2012;;;5,273
14/05/2012;;;5,272
11/05/2012;;;5,269
10/05/2012;;;5,268
09/05/2012;;;5,268
08/05/2012;;;5,267
07/05/2012;;;5,266
04/05/2012;;;5,262
03/05/2012;;;5,264
02/05/2012;;;5,263
30/04/2012;;;5,260
27/04/2012;;;5,262
26/04/2012;;;5,263
25/04/2012;;;5,265
24/04/2012;;;5,263
23/04/2012;;;5,262
20/04/2012;;;5,259
19/04/2012;;;5,256
18/04/2012;;;5,254
17/04/2012;;;5,252
16/04/2012;;;5,251
13/04/2012;;;5,248
12/04/2012;;;5,251
11/04/2012;;;5,252
10/04/2012;;;5,251
09/04/2012;;;5,253
04/04/2012;;;5,252
03/04/2012;;;5,253
02/04/2012;;;5,253
30/03/2012;;;5,250
29/03/2012;;;5,252
28/03/2012;;;5,254
27/03/2012;;;5,255
26/03/2012;;;5,255
23/03/2012;;;5,256
22/03/2012;;;5,254
21/03/2012;;;5,254
20/03/2012;;;5,255
16/03/2012;;;5,254
15/03/2012;;;5,253
14/03/2012;;;5,252
13/03/2012;;;5,253
12/03/2012;;;5,252
09/03/2012;;;5,252
08/03/2012;;;5,251
07/03/2012;;;5,248
06/03/2012;;;5,246
05/03/2012;;;5,242
02/03/2012;;;5,241
01/03/2012;;;5,246
29/02/2012;;;5,244
28/02/2012;;;5,248
27/02/2012;;;5,248
24/02/2012;;;5,018
23/02/2012;;;5,013
22/02/2012;;;5,013
21/02/2012;;;5,013
20/02/2012;;;5,012
17/02/2012;;;5,009
16/02/2012;;;5,010
15/02/2012;;;5,008
14/02/2012;;;5,008
13/02/2012;;;5,008
10/02/2012;;;5,005
09/02/2012;;;5,007
08/02/2012;;;5,004
07/02/2012;;;5,006
06/02/2012;;;5,001
03/02/2012;;;4,999
02/02/2012;;;4,999
01/02/2012;;;5,001
31/01/2012;;;5,001
30/01/2012;;;4,746
27/01/2012;;;4,749
26/01/2012;;;4,744
25/01/2012;;;4,744
24/01/2012;;;4,746
23/01/2012;;;4,741
20/01/2012;;;4,738
19/01/2012;;;4,740
18/01/2012;;;4,743
17/01/2012;;;4,749
16/01/2012;;;4,749
13/01/2012;;;4,752
12/01/2012;;;4,753
11/01/2012;;;4,753
10/01/2012;;;4,753
06/01/2012;;;4,752
05/01/2012;;;4,758
04/01/2012;;;4,753
03/01/2012;;;4,774
02/01/2012;;;4,806
29/12/2011;;;4,819
28/12/2011;;;4,811
27/12/2011;;;4,779
26/12/2011;;;4,804
23/12/2011;;;4,806
22/12/2011;;;4,804
21/12/2011;;;4,806
20/12/2011;;;4,798
19/12/2011;;;4,802
16/12/2011;;;4,795
15/12/2011;;;4,790
14/12/2011;;;4,798
13/12/2011;;;4,783
12/12/2011;;;4,793
09/12/2011;;;4,795
07/12/2011;;;4,809
06/12/2011;;;4,804
05/12/2011;;;4,802
02/12/2011;;;4,801
01/12/2011;;;4,802
30/11/2011;;;4,785
29/11/2011;;;4,793
28/11/2011;;;4,793
25/11/2011;;;4,567
24/11/2011;;;4,562
23/11/2011;;;4,623
22/11/2011;;;4,592
21/11/2011;;;4,586
18/11/2011;;;4,587
17/11/2011;;;4,615
16/11/2011;;;4,641
15/11/2011;;;4,668
11/11/2011;;;4,667
10/11/2011;;;4,631
09/11/2011;;;4,594
08/11/2011;;;4,557
04/11/2011;;;4,538
03/11/2011;;;4,549
02/11/2011;;;4,560
01/11/2011;;;4,572
31/10/2011;;;4,620
28/10/2011;;;4,641
27/10/2011;;;4,657
26/10/2011;;;4,660
25/10/2011;;;4,663
24/10/2011;;;4,663
21/10/2011;;;4,660
20/10/2011;;;4,658
19/10/2011;;;4,660
18/10/2011;;;4,663
14/10/2011;;;4,668
13/10/2011;;;4,669
12/10/2011;;;4,669
11/10/2011;;;4,669
10/10/2011;;;4,668
07/10/2011;;;4,667
06/10/2011;;;4,673
05/10/2011;;;4,668
04/10/2011;;;4,666
03/10/2011;;;4,620
30/09/2011;;;4,614
29/09/2011;;;4,625
28/09/2011;;;4,595
27/09/2011;;;4,583
26/09/2011;;;4,576
23/09/2011;;;4,641
22/09/2011;;;4,641
21/09/2011;;;4,625
20/09/2011;;;4,600
19/09/2011;;;4,546
16/09/2011;;;4,498
15/09/2011;;;4,498
14/09/2011;;;4,514
13/09/2011;;;4,525
12/09/2011;;;4,568
09/09/2011;;;4,545
08/09/2011;;;4,519
07/09/2011;;;4,530
06/09/2011;;;4,569
05/09/2011;;;4,535
02/09/2011;;;4,598
01/09/2011;;;4,615
31/08/2011;;;4,625
30/08/2011;;;4,610
29/08/2011;;;4,615
26/08/2011;;;4,667
25/08/2011;;;4,660
24/08/2011;;;4,615
23/08/2011;;;4,611
22/08/2011;;;4,588
19/08/2011;;;4,660
18/08/2011;;;4,647
17/08/2011;;;4,599
16/08/2011;;;4,588
12/08/2011;;;4,587
11/08/2011;;;4,588
10/08/2011;;;4,657
09/08/2011;;;4,578
08/08/2011;;;4,588
05/08/2011;;;4,625
04/08/2011;;;4,567
03/08/2011;;;4,593
02/08/2011;;;4,536
01/08/2011;;;4,532
29/07/2011;;;4,313
28/07/2011;;;4,309
27/07/2011;;;4,292
26/07/2011;;;4,255
25/07/2011;;;4,329
22/07/2011;;;4,397
21/07/2011;;;4,361
19/07/2011;;;4,350
18/07/2011;;;4,335
15/07/2011;;;4,306
14/07/2011;;;4,341
13/07/2011;;;4,293
12/07/2011;;;4,281
11/07/2011;;;4,329
08/07/2011;;;4,334
07/07/2011;;;4,367
06/07/2011;;;4,334
05/07/2011;;;4,300
01/07/2011;;;4,265
30/06/2011;;;4,253
29/06/2011;;;4,253
28/06/2011;;;4,242
24/06/2011;;;4,254
23/06/2011;;;4,265
22/06/2011;;;4,253
21/06/2011;;;4,258
20/06/2011;;;4,247
17/06/2011;;;4,023
16/06/2011;;;4,049
15/06/2011;;;4,044
14/06/2011;;;3,991
13/06/2011;;;4,021
10/06/2011;;;3,999
09/06/2011;;;4,002
08/06/2011;;;4,068
07/06/2011;;;4,033
03/06/2011;;;4,043
02/06/2011;;;4,026
01/06/2011;;;4,010
31/05/2011;;;3,996
30/05/2011;;;3,733
27/05/2011;;;3,754
26/05/2011;;;3,749
25/05/2011;;;3,780
24/05/2011;;;3,780
23/05/2011;;;3,780
20/05/2011;;;3,769
19/05/2011;;;3,791
18/05/2011;;;3,812
17/05/2011;;;4,102
16/05/2011;;;4,038
13/05/2011;;;3,985
12/05/2011;;;3,931
11/05/2011;;;3,896
10/05/2011;;;3,891
09/05/2011;;;3,901
06/05/2011;;;3,917
05/05/2011;;;3,901
04/05/2011;;;3,875
03/05/2011;;;3,838
02/05/2011;;;3,794
29/04/2011;;;3,704
28/04/2011;;;3,713
27/04/2011;;;3,701
26/04/2011;;;3,686
25/04/2011;;;3,649
20/04/2011;;;3,638
19/04/2011;;;3,596
18/04/2011;;;3,638
15/04/2011;;;3,554
14/04/2011;;;3,497
13/04/2011;;;3,497
12/04/2011;;;3,560
11/04/2011;;;3,560
08/04/2011;;;3,559
07/04/2011;;;3,560
06/04/2011;;;3,507
05/04/2011;;;3,560
04/04/2011;;;3,612
01/04/2011;;;3,559
31/03/2011;;;3,623
30/03/2011;;;3,636
29/03/2011;;;3,623
28/03/2011;;;3,586
25/03/2011;;;3,575
24/03/2011;;;3,607
23/03/2011;;;3,633
22/03/2011;;;3,581
18/03/2011;;;3,339
17/03/2011;;;3,345
16/03/2011;;;3,271
15/03/2011;;;3,243
14/03/2011;;;3,295
11/03/2011;;;3,240
10/03/2011;;;3,222
09/03/2011;;;3,167
08/03/2011;;;3,088
07/03/2011;;;3,114
04/03/2011;;;3,198
03/03/2011;;;3,222
02/03/2011;;;3,245
01/03/2011;;;3,277
28/02/2011;;;3,277
25/02/2011;;;3,081
24/02/2011;;;3,065
23/02/2011;;;3,046
22/02/2011;;;3,044
21/02/2011;;;3,055
18/02/2011;;;3,073
17/02/2011;;;3,065
16/02/2011;;;3,057
15/02/2011;;;3,020
14/02/2011;;;3,020
11/02/2011;;;3,013
10/02/2011;;;3,052
09/02/2011;;;3,041
08/02/2011;;;3,083
07/02/2011;;;3,085
04/02/2011;;;3,065
03/02/2011;;;3,067
02/02/2011;;;3,050
01/02/2011;;;3,053
31/01/2011;;;3,071
28/01/2011;;;3,044
27/01/2011;;;3,036
26/01/2011;;;3,031
25/01/2011;;;3,003
24/01/2011;;;3,034
21/01/2011;;;3,028
20/01/2011;;;3,020
19/01/2011;;;3,020
18/01/2011;;;3,031
17/01/2011;;;3,031
14/01/2011;;;3,031
13/01/2011;;;3,026
12/01/2011;;;3,031
11/01/2011;;;3,052
07/01/2011;;;3,047
06/01/2011;;;3,058
05/01/2011;;;3,067
04/01/2011;;;3,062
03/01/2011;;;3,060
30/12/2010;;;3,044
29/12/2010;;;3,005
28/12/2010;;;3,060
27/12/2010;;;3,050
24/12/2010;;;3,078
23/12/2010;;;3,073
22/12/2010;;;3,071
21/12/2010;;;3,076
20/12/2010;;;3,046
17/12/2010;;;3,065
16/12/2010;;;3,065
15/12/2010;;;3,057
14/12/2010;;;3,005
13/12/2010;;;3,044
10/12/2010;;;3,078
09/12/2010;;;3,078
07/12/2010;;;3,077
06/12/2010;;;3,041
03/12/2010;;;3,049
02/12/2010;;;3,057
01/12/2010;;;3,015
30/11/2010;;;3,005
29/11/2010;;;3,026
26/11/2010;;;3,020
25/11/2010;;;3,010
24/11/2010;;;3,020
23/11/2010;;;3,069
22/11/2010;;;3,061
19/11/2010;;;3,051
18/11/2010;;;3,050
17/11/2010;;;3,023
16/11/2010;;;3,044
12/11/2010;;;3,046
11/11/2010;;;3,029
10/11/2010;;;3,012
09/11/2010;;;3,005
08/11/2010;;;3,001
05/11/2010;;;3,004
04/11/2010;;;3,005
03/11/2010;;;3,010
02/11/2010;;;3,010
29/10/2010;;;3,010
28/10/2010;;;3,013
27/10/2010;;;3,028
26/10/2010;;;3,031
25/10/2010;;;3,034
22/10/2010;;;3,027
21/10/2010;;;3,017
20/10/2010;;;3,010
19/10/2010;;;3,010
15/10/2010;;;3,010
14/10/2010;;;3,005
13/10/2010;;;3,008
12/10/2010;;;3,008
11/10/2010;;;3,010
08/10/2010;;;3,028
07/10/2010;;;3,029
06/10/2010;;;3,029
05/10/2010;;;3,029
04/10/2010;;;3,044
01/10/2010;;;3,034
30/09/2010;;;3,023
29/09/2010;;;3,023
28/09/2010;;;3,023
27/09/2010;;;3,029
24/09/2010;;;3,044
23/09/2010;;;3,050
22/09/2010;;;3,050
21/09/2010;;;3,046
20/09/2010;;;3,044
17/09/2010;;;3,044
16/09/2010;;;3,041
15/09/2010;;;3,041
14/09/2010;;;3,036
13/09/2010;;;3,035
10/09/2010;;;3,050
09/09/2010;;;3,054
08/09/2010;;;3,074
07/09/2010;;;3,084
06/09/2010;;;3,069
03/09/2010;;;3,054
02/09/2010;;;3,052
01/09/2010;;;3,042
31/08/2010;;;3,081
30/08/2010;;;3,074
27/08/2010;;;3,062
26/08/2010;;;3,063
25/08/2010;;;3,071
24/08/2010;;;3,072
23/08/2010;;;3,055
20/08/2010;;;3,051
19/08/2010;;;3,061
18/08/2010;;;3,058
17/08/2010;;;3,057
13/08/2010;;;3,051
12/08/2010;;;3,042
11/08/2010;;;3,039
10/08/2010;;;3,031
09/08/2010;;;3,018
06/08/2010;;;3,023
05/08/2010;;;3,023
04/08/2010;;;3,015
03/08/2010;;;3,015
02/08/2010;;;3,023
30/07/2010;;;3,036
29/07/2010;;;3,034
28/07/2010;;;3,031
27/07/2010;;;3,015
26/07/2010;;;3,020
23/07/2010;;;3,057
22/07/2010;;;3,057
21/07/2010;;;3,057
19/07/2010;;;3,058
16/07/2010;;;3,036
15/07/2010;;;3,057
14/07/2010;;;3,049
13/07/2010;;;3,043
12/07/2010;;;3,050
09/07/2010;;;3,041
08/07/2010;;;3,052
07/07/2010;;;3,073
06/07/2010;;;3,072
02/07/2010;;;3,062
01/07/2010;;;3,062
30/06/2010;;;3,026
29/06/2010;;;3,027
28/06/2010;;;3,010
25/06/2010;;;3,010
24/06/2010;;;3,008
23/06/2010;;;3,015
22/06/2010;;;3,026
21/06/2010;;;3,050
18/06/2010;;;3,067
17/06/2010;;;3,087
16/06/2010;;;3,071
15/06/2010;;;3,067
11/06/2010;;;3,058
10/06/2010;;;3,053
09/06/2010;;;3,053
08/06/2010;;;3,046
04/06/2010;;;3,036
03/06/2010;;;3,036
02/06/2010;;;3,031
01/06/2010;;;3,020
31/05/2010;;;3,036
28/05/2010;;;3,034
27/05/2010;;;3,050
26/05/2010;;;3,055
25/05/2010;;;3,057
24/05/2010;;;3,065
21/05/2010;;;3,078
20/05/2010;;;3,076
19/05/2010;;;3,067
18/05/2010;;;3,067
14/05/2010;;;3,065
13/05/2010;;;3,057
12/05/2010;;;3,055
11/05/2010;;;3,050
10/05/2010;;;3,044
07/05/2010;;;3,036
06/05/2010;;;3,029
05/05/2010;;;3,015
04/05/2010;;;3,015
03/05/2010;;;3,010
30/04/2010;;;3,517
29/04/2010;;;3,537
28/04/2010;;;3,537
27/04/2010;;;3,537
26/04/2010;;;3,512
23/04/2010;;;3,507
22/04/2010;;;3,516
21/04/2010;;;3,526
20/04/2010;;;3,533
19/04/2010;;;3,563
16/04/2010;;;3,559
15/04/2010;;;3,549
14/04/2010;;;3,505
13/04/2010;;;3,502
12/04/2010;;;3,502
09/04/2010;;;3,533
08/04/2010;;;3,505
07/04/2010;;;3,510
06/04/2010;;;3,491
05/04/2010;;;3,481
31/03/2010;;;3,454
30/03/2010;;;3,418
29/03/2010;;;3,402
26/03/2010;;;3,433
25/03/2010;;;3,455
24/03/2010;;;3,444
23/03/2010;;;3,418
19/03/2010;;;3,428
18/03/2010;;;3,376
17/03/2010;;;3,428
16/03/2010;;;3,470
15/03/2010;;;3,329
12/03/2010;;;3,323
11/03/2010;;;3,266
10/03/2010;;;3,264
09/03/2010;;;3,298
08/03/2010;;;3,282
05/03/2010;;;3,297
04/03/2010;;;3,350
03/03/2010;;;3,350
02/03/2010;;;3,318
01/03/2010;;;3,345
26/02/2010;;;3,365
25/02/2010;;;3,355
24/02/2010;;;3,355
23/02/2010;;;3,402
22/02/2010;;;3,421
19/02/2010;;;3,444
18/02/2010;;;3,413
17/02/2010;;;3,404
16/02/2010;;;3,402
15/02/2010;;;3,376
12/02/2010;;;3,402
11/02/2010;;;3,455
10/02/2010;;;3,324
09/02/2010;;;3,324
08/02/2010;;;3,324
05/02/2010;;;3,339
04/02/2010;;;3,350
03/02/2010;;;3,313
02/02/2010;;;3,324
01/02/2010;;;3,324
29/01/2010;;;3,339
28/01/2010;;;3,339
27/01/2010;;;3,302
26/01/2010;;;3,219
25/01/2010;;;3,219
22/01/2010;;;3,261
21/01/2010;;;3,277
20/01/2010;;;3,298
19/01/2010;;;3,298
18/01/2010;;;3,324
15/01/2010;;;3,376
14/01/2010;;;3,298
13/01/2010;;;3,350
12/01/2010;;;3,259
08/01/2010;;;3,229
07/01/2010;;;3,282
06/01/2010;;;3,271
05/01/2010;;;3,182
04/01/2010;;;3,088
30/12/2009;;;2,957
29/12/2009;;;2,827
28/12/2009;;;2,885
24/12/2009;;;2,978
23/12/2009;;;3,057
22/12/2009;;;3,088
21/12/2009;;;3,161
18/12/2009;;;3,172
17/12/2009;;;3,198
16/12/2009;;;3,209
15/12/2009;;;3,198
14/12/2009;;;3,250
11/12/2009;;;3,245
10/12/2009;;;3,318
09/12/2009;;;3,345
07/12/2009;;;3,360
04/12/2009;;;3,347
03/12/2009;;;3,353
02/12/2009;;;3,355
01/12/2009;;;3,374
30/11/2009;;;3,408
27/11/2009;;;3,433
26/11/2009;;;3,473
25/11/2009;;;3,502
24/11/2009;;;3,512
23/11/2009;;;3,972
20/11/2009;;;4,001
19/11/2009;;;4,006
18/11/2009;;;4,023
17/11/2009;;;4,021
13/11/2009;;;4,008
12/11/2009;;;4,009
11/11/2009;;;4,009
10/11/2009;;;4,002
09/11/2009;;;3,981
06/11/2009;;;3,993
05/11/2009;;;4,002
04/11/2009;;;3,998
03/11/2009;;;3,998
30/10/2009;;;3,984
29/10/2009;;;3,993
28/10/2009;;;4,019
27/10/2009;;;4,025
26/10/2009;;;4,019
23/10/2009;;;4,013
22/10/2009;;;4,018
21/10/2009;;;4,026
20/10/2009;;;3,987
19/10/2009;;;4,030
16/10/2009;;;4,018
15/10/2009;;;4,024
14/10/2009;;;3,987
13/10/2009;;;3,984
09/10/2009;;;3,992
08/10/2009;;;4,004
07/10/2009;;;4,027
06/10/2009;;;4,045
05/10/2009;;;4,023
02/10/2009;;;4,014
01/10/2009;;;3,994
30/09/2009;;;3,996
29/09/2009;;;3,998
28/09/2009;;;3,992
25/09/2009;;;4,503
24/09/2009;;;4,492
23/09/2009;;;4,459
22/09/2009;;;4,427
21/09/2009;;;4,394
18/09/2009;;;4,357
17/09/2009;;;4,356
16/09/2009;;;4,355
15/09/2009;;;4,318
14/09/2009;;;4,313
11/09/2009;;;4,297
10/09/2009;;;4,329
09/09/2009;;;4,356
08/09/2009;;;4,392
07/09/2009;;;4,419
04/09/2009;;;4,418
03/09/2009;;;4,335
02/09/2009;;;4,297
01/09/2009;;;4,218
31/08/2009;;;4,146
28/08/2009;;;4,095
27/08/2009;;;4,050
26/08/2009;;;3,996
25/08/2009;;;3,933
24/08/2009;;;3,973
21/08/2009;;;4,017
20/08/2009;;;3,996
19/08/2009;;;3,990
18/08/2009;;;4,023
14/08/2009;;;4,020
13/08/2009;;;4,039
12/08/2009;;;4,071
11/08/2009;;;4,063
10/08/2009;;;4,075
06/08/2009;;;4,102
05/08/2009;;;4,128
04/08/2009;;;4,174
03/08/2009;;;4,219
31/07/2009;;;4,261
30/07/2009;;;4,302
29/07/2009;;;4,327
28/07/2009;;;4,360
27/07/2009;;;4,392
24/07/2009;;;4,418
23/07/2009;;;4,451
22/07/2009;;;4,464
21/07/2009;;;4,476
17/07/2009;;;4,489
16/07/2009;;;4,502
15/07/2009;;;4,517
14/07/2009;;;4,516
13/07/2009;;;4,535
10/07/2009;;;4,541
09/07/2009;;;4,545
08/07/2009;;;4,541
07/07/2009;;;4,534
06/07/2009;;;4,536
03/07/2009;;;4,544
02/07/2009;;;4,532
01/07/2009;;;4,541
30/06/2009;;;4,548
26/06/2009;;;4,536
25/06/2009;;;4,552
24/06/2009;;;4,569
23/06/2009;;;4,583
19/06/2009;;;5,097
18/06/2009;;;5,118
17/06/2009;;;5,104
16/06/2009;;;5,083
12/06/2009;;;5,065
11/06/2009;;;5,077
10/06/2009;;;5,093
09/06/2009;;;5,088
08/06/2009;;;5,061
05/06/2009;;;5,080
04/06/2009;;;5,051
03/06/2009;;;5,025
02/06/2009;;;5,004
01/06/2009;;;5,004
29/05/2009;;;6,036
28/05/2009;;;6,025
27/05/2009;;;6,023
26/05/2009;;;6,056
22/05/2009;;;6,087
21/05/2009;;;6,099
20/05/2009;;;6,130
19/05/2009;;;6,144
18/05/2009;;;6,155
15/05/2009;;;6,192
14/05/2009;;;6,210
13/05/2009;;;6,223
12/05/2009;;;6,216
11/05/2009;;;6,179
08/05/2009;;;6,137
07/05/2009;;;6,094
06/05/2009;;;6,049
05/05/2009;;;6,031
04/05/2009;;;6,003
30/04/2009;;;7,087
29/04/2009;;;7,077
28/04/2009;;;7,073
27/04/2009;;;7,083
24/04/2009;;;7,088
23/04/2009;;;7,095
22/04/2009;;;7,101
21/04/2009;;;7,100
20/04/2009;;;7,101
17/04/2009;;;7,098
16/04/2009;;;7,089
15/04/2009;;;7,090
14/04/2009;;;7,089
13/04/2009;;;7,085
08/04/2009;;;7,073
07/04/2009;;;7,067
06/04/2009;;;7,064
03/04/2009;;;7,060
02/04/2009;;;7,050
01/04/2009;;;7,060
31/03/2009;;;7,045
30/03/2009;;;7,061
27/03/2009;;;7,023
26/03/2009;;;7,039
25/03/2009;;;7,030
24/03/2009;;;7,026
20/03/2009;;;8,027
19/03/2009;;;8,030
18/03/2009;;;8,020
17/03/2009;;;8,015
16/03/2009;;;8,021
13/03/2009;;;8,027
12/03/2009;;;8,007
11/03/2009;;;8,017
10/03/2009;;;8,006
09/03/2009;;;7,990
06/03/2009;;;7,947
05/03/2009;;;7,950
04/03/2009;;;7,961
03/03/2009;;;7,946
02/03/2009;;;7,978
27/02/2009;;;8,967
26/02/2009;;;8,977
25/02/2009;;;8,999
24/02/2009;;;8,999
23/02/2009;;;8,994
20/02/2009;;;9,017
19/02/2009;;;9,059
18/02/2009;;;9,077
17/02/2009;;;9,109
16/02/2009;;;9,117
13/02/2009;;;9,125
12/02/2009;;;9,140
11/02/2009;;;9,122
10/02/2009;;;9,108
09/02/2009;;;9,062
06/02/2009;;;9,022
05/02/2009;;;9,008
04/02/2009;;;8,996
03/02/2009;;;8,982
02/02/2009;;;8,955
30/01/2009;;;9,391
29/01/2009;;;9,357
28/01/2009;;;9,318
27/01/2009;;;9,274
26/01/2009;;;9,223
23/01/2009;;;9,169
22/01/2009;;;9,133
21/01/2009;;;9,115
20/01/2009;;;9,074
19/01/2009;;;9,051
16/01/2009;;;9,000
15/01/2009;;;8,962
14/01/2009;;;8,938
13/01/2009;;;8,927
09/01/2009;;;8,911
08/01/2009;;;8,909
07/01/2009;;;8,867
06/01/2009;;;8,845
05/01/2009;;;8,825
02/01/2009;;;8,824
30/12/2008;;;8,837
29/12/2008;;;8,838
26/12/2008;;;8,868
24/12/2008;;;8,852
23/12/2008;;;8,872
22/12/2008;;;8,889
19/12/2008;;;9,135
18/12/2008;;;9,148
17/12/2008;;;9,165
16/12/2008;;;9,193
15/12/2008;;;9,198
12/12/2008;;;9,240
11/12/2008;;;9,204
10/12/2008;;;9,176
09/12/2008;;;9,187
05/12/2008;;;9,239
04/12/2008;;;9,292
03/12/2008;;;9,320
02/12/2008;;;9,331
01/12/2008;;;9,409
28/11/2008;;;9,462
27/11/2008;;;9,520
26/11/2008;;;9,553
25/11/2008;;;9,581
24/11/2008;;;9,720
21/11/2008;;;9,784
20/11/2008;;;9,832
19/11/2008;;;9,868
18/11/2008;;;9,887
14/11/2008;;;9,910
13/11/2008;;;9,936
12/11/2008;;;9,941
11/11/2008;;;9,964
10/11/2008;;;9,981
07/11/2008;;;9,983
06/11/2008;;;9,996
05/11/2008;;;9,998
04/11/2008;;;10,007
31/10/2008;;;10,019
30/10/2008;;;10,043
29/10/2008;;;10,042
28/10/2008;;;10,035
27/10/2008;;;10,041
24/10/2008;;;10,034
23/10/2008;;;10,034
22/10/2008;;;10,032
21/10/2008;;;10,025
20/10/2008;;;10,019
17/10/2008;;;10,018
16/10/2008;;;10,016
15/10/2008;;;10,014
14/10/2008;;;10,000
10/10/2008;;;10,023
09/10/2008;;;10,020
08/10/2008;;;10,017
07/10/2008;;;10,014
06/10/2008;;;10,007
03/10/2008;;;9,994
02/10/2008;;;10,001
01/10/2008;;;9,998
30/09/2008;;;9,986
29/09/2008;;;9,991
26/09/2008;;;9,991
25/09/2008;;;9,995
24/09/2008;;;9,998
23/09/2008;;;10,000
22/09/2008;;;9,998
19/09/2008;;;9,993
18/09/2008;;;9,998
17/09/2008;;;9,999
16/09/2008;;;10,000
15/09/2008;;;10,001
12/09/2008;;;10,007
11/09/2008;;;10,012
10/09/2008;;;10,015
09/09/2008;;;10,019
08/09/2008;;;10,020
05/09/2008;;;10,017
04/09/2008;;;10,020
03/09/2008;;;10,015
02/09/2008;;;10,008
01/09/2008;;;10,006
29/08/2008;;;10,004
28/08/2008;;;10,015
27/08/2008;;;10,029
26/08/2008;;;10,028
25/08/2008;;;10,033
22/08/2008;;;10,034
21/08/2008;;;10,036
20/08/2008;;;10,036
19/08/2008;;;10,037
15/08/2008;;;10,031
14/08/2008;;;10,036
13/08/2008;;;10,036
12/08/2008;;;10,035
11/08/2008;;;10,036
08/08/2008;;;10,032
06/08/2008;;;10,031
05/08/2008;;;10,041
04/08/2008;;;10,035
01/08/2008;;;10,031
31/07/2008;;;10,036
30/07/2008;;;10,041
29/07/2008;;;10,038
28/07/2008;;;10,044
25/07/2008;;;9,801
24/07/2008;;;9,804
23/07/2008;;;9,804
22/07/2008;;;9,804
21/07/2008;;;9,804
18/07/2008;;;9,804
17/07/2008;;;9,809
16/07/2008;;;9,808
15/07/2008;;;9,810
14/07/2008;;;9,811
11/07/2008;;;9,808
10/07/2008;;;9,811
09/07/2008;;;9,810
08/07/2008;;;9,808
07/07/2008;;;9,807
04/07/2008;;;9,803
03/07/2008;;;9,805
02/07/2008;;;9,805
01/07/2008;;;9,804
27/06/2008;;;9,800
26/06/2008;;;9,805
25/06/2008;;;9,804
24/06/2008;;;9,804
23/06/2008;;;9,804
20/06/2008;;;9,799
19/06/2008;;;9,804
18/06/2008;;;9,803
17/06/2008;;;9,805
16/06/2008;;;9,805
13/06/2008;;;9,804
12/06/2008;;;9,804
11/06/2008;;;9,804
10/06/2008;;;9,803
09/06/2008;;;9,801
06/06/2008;;;9,795
05/06/2008;;;9,800
04/06/2008;;;9,804
03/06/2008;;;9,807
30/05/2008;;;9,807
29/05/2008;;;9,810
28/05/2008;;;9,809
27/05/2008;;;9,807
23/05/2008;;;9,804
22/05/2008;;;9,820
21/05/2008;;;9,819
20/05/2008;;;9,819
19/05/2008;;;9,817
16/05/2008;;;9,813
15/05/2008;;;9,818
14/05/2008;;;9,815
13/05/2008;;;9,815
12/05/2008;;;9,812
09/05/2008;;;9,807
08/05/2008;;;9,807
07/05/2008;;;9,790
06/05/2008;;;9,788
02/05/2008;;;9,783
30/04/2008;;;9,777
29/04/2008;;;9,763
28/04/2008;;;9,773
25/04/2008;;;9,794
24/04/2008;;;9,810
23/04/2008;;;9,805
22/04/2008;;;9,803
21/04/2008;;;9,796
18/04/2008;;;9,789
17/04/2008;;;9,788
16/04/2008;;;9,785
15/04/2008;;;9,781
14/04/2008;;;9,786
11/04/2008;;;9,786
10/04/2008;;;9,789
09/04/2008;;;9,784
08/04/2008;;;9,784
07/04/2008;;;9,786
04/04/2008;;;9,787
03/04/2008;;;9,790
02/04/2008;;;9,795
01/04/2008;;;9,798
31/03/2008;;;9,798
28/03/2008;;;9,808
27/03/2008;;;9,807
26/03/2008;;;9,792
25/03/2008;;;9,781
19/03/2008;;;9,789
18/03/2008;;;9,815
17/03/2008;;;9,803
14/03/2008;;;9,806
13/03/2008;;;9,819
12/03/2008;;;9,830
11/03/2008;;;9,831
10/03/2008;;;9,833
07/03/2008;;;9,835
06/03/2008;;;9,834
05/03/2008;;;9,827
04/03/2008;;;9,815
03/03/2008;;;9,821
29/02/2008;;;9,809
28/02/2008;;;9,808
27/02/2008;;;9,800
26/02/2008;;;9,795
25/02/2008;;;9,793
22/02/2008;;;9,622
21/02/2008;;;9,620
20/02/2008;;;9,612
19/02/2008;;;9,600
18/02/2008;;;9,569
15/02/2008;;;9,548
14/02/2008;;;9,545
13/02/2008;;;9,547
12/02/2008;;;9,553
11/02/2008;;;9,550
08/02/2008;;;9,542
07/02/2008;;;9,540
06/02/2008;;;9,529
05/02/2008;;;9,520
04/02/2008;;;9,508
01/02/2008;;;9,496
31/01/2008;;;9,503
30/01/2008;;;9,500
29/01/2008;;;9,505
28/01/2008;;;9,514
25/01/2008;;;9,512
24/01/2008;;;9,529
23/01/2008;;;9,531
22/01/2008;;;9,536
21/01/2008;;;9,544
18/01/2008;;;9,539
17/01/2008;;;9,529
16/01/2008;;;9,520
15/01/2008;;;9,520
14/01/2008;;;9,531
11/01/2008;;;9,526
10/01/2008;;;9,525
09/01/2008;;;9,520
08/01/2008;;;9,509
04/01/2008;;;9,495
03/01/2008;;;9,520
02/01/2008;;;9,498
