A_M;Fecha_num;Infl_anual_porc
1/07/1955;20271;-0.87
1/08/1955;20302;-0.01
1/09/1955;20333;0.84
1/10/1955;20363;0.77
1/11/1955;20394;1.44
1/12/1955;20424;2.03
1/01/1956;20455;2.1
1/02/1956;20486;2.57
1/03/1956;20515;3.1
1/04/1956;20546;3.04
1/05/1956;20576;4.25
1/06/1956;20607;5.28
1/07/1956;20637;6.36
1/08/1956;20668;5.76
1/09/1956;20699;7.26
1/10/1956;20729;8.31
1/11/1956;20760;8.83
1/12/1956;20790;7.91
1/01/1957;20821;9.3
1/02/1957;20852;10.3
1/03/1957;20880;11.21
1/04/1957;20911;12.97
1/05/1957;20941;13.58
1/06/1957;20972;17.15
1/07/1957;21002;19.39
1/08/1957;21033;21.43
1/09/1957;21064;20.93
1/10/1957;21094;21.17
1/11/1957;21125;19.84
1/12/1957;21155;20.69
1/01/1958;21186;19.46
1/02/1958;21217;18.05
1/03/1958;21245;17.86
1/04/1958;21276;17.24
1/05/1958;21306;18.06
1/06/1958;21337;13.9
1/07/1958;21367;10.99
1/08/1958;21398;10.47
1/09/1958;21429;10.14
1/10/1958;21459;8.92
1/11/1958;21490;8.54
1/12/1958;21520;7.98
1/01/1959;21551;9.47
1/02/1959;21582;10.34
1/03/1959;21610;9.09
1/04/1959;21641;8.96
1/05/1959;21671;7.62
1/06/1959;21702;7.87
1/07/1959;21732;8.41
1/08/1959;21763;7.78
1/09/1959;21794;7.23
1/10/1959;21824;7.14
1/11/1959;21855;7.42
1/12/1959;21885;7.81
1/01/1960;21916;6.52
1/02/1960;21947;5.24
1/03/1960;21976;6.14
1/04/1960;22007;5.49
1/05/1960;22037;5.52
1/06/1960;22068;4.93
1/07/1960;22098;4.79
1/08/1960;22129;4.96
1/09/1960;22160;5.57
1/10/1960;22190;6.12
1/11/1960;22221;7.13
1/12/1960;22251;7.35
1/01/1961;22282;7.59
1/02/1961;22313;8.36
1/03/1961;22341;8.7
1/04/1961;22372;9.87
1/05/1961;22402;10.23
1/06/1961;22433;10.27
1/07/1961;22463;10.03
1/08/1961;22494;8.4
1/09/1961;22525;7.47
1/10/1961;22555;6.81
1/11/1961;22586;6.13
1/12/1961;22616;5.74
1/01/1962;22647;5.63
1/02/1962;22678;5.29
1/03/1962;22706;4.54
1/04/1962;22737;3.66
1/05/1962;22767;2.63
1/06/1962;22798;2.57
1/07/1962;22828;3.3
1/08/1962;22859;4.55
1/09/1962;22890;5.85
1/10/1962;22920;6.01
1/11/1962;22951;6.15
1/12/1962;22981;6.3
1/01/1963;23012;9.79
1/02/1963;23043;16.34
1/03/1963;23071;21.29
1/04/1963;23102;25.08
1/05/1963;23132;26.52
1/06/1963;23163;29.24
1/07/1963;23193;28.99
1/08/1963;23224;29.28
1/09/1963;23255;29.83
1/10/1963;23285;31.55
1/11/1963;23316;33.44
1/12/1963;23346;33.6
1/01/1964;23377;30.67
1/02/1964;23408;23.88
1/03/1964;23437;20.51
1/04/1964;23468;18.18
1/05/1964;23498;20.43
1/06/1964;23529;19.58
1/07/1964;23559;17.67
1/08/1964;23590;15.63
1/09/1964;23621;13.7
1/10/1964;23651;11.01
1/11/1964;23682;9.62
1/12/1964;23712;8.8
1/01/1965;23743;8.75
1/02/1965;23774;7.1
1/03/1965;23802;6.16
1/04/1965;23833;5.57
1/05/1965;23863;3.6
1/06/1965;23894;3.61
1/07/1965;23924;4.57
1/08/1965;23955;6.37
1/09/1965;23986;8.05
1/10/1965;24016;11.23
1/11/1965;24047;11.86
1/12/1965;24077;14.44
1/01/1966;24108;14.3
1/02/1966;24139;16.9
1/03/1966;24167;18.09
1/04/1966;24198;19.51
1/05/1966;24228;19.42
1/06/1966;24259;17.56
1/07/1966;24289;17.58
1/08/1966;24320;17.04
1/09/1966;24351;17.24
1/10/1966;24381;16
1/11/1966;24412;14.7
1/12/1966;24442;12.86
1/01/1967;24473;12.01
1/02/1967;24504;11.09
1/03/1967;24532;9.62
1/04/1967;24563;6.87
1/05/1967;24593;6.3
1/06/1967;24624;8.24
1/07/1967;24654;8.3
1/08/1967;24685;8.4
1/09/1967;24716;7.6
1/10/1967;24746;7.28
1/11/1967;24777;7.6
1/12/1967;24807;7.17
1/01/1968;24838;7.68
1/02/1968;24869;7.18
1/03/1968;24898;7.14
1/04/1968;24929;8.48
1/05/1968;24959;8.52
1/06/1968;24990;7.04
1/07/1968;25020;7.73
1/08/1968;25051;7.65
1/09/1968;25082;7.43
1/10/1968;25112;6.97
1/11/1968;25143;7.12
1/12/1968;25173;6.51
1/01/1969;25204;6.71
1/02/1969;25235;6.41
1/03/1969;25263;6.17
1/04/1969;25294;6.18
1/05/1969;25324;6.42
1/06/1969;25355;6.58
1/07/1969;25385;6.16
1/08/1969;25416;6.81
1/09/1969;25447;7.35
1/10/1969;25477;8.37
1/11/1969;25508;7.89
1/12/1969;25538;8.63
1/01/1970;25569;7.36
1/02/1970;25600;7.69
1/03/1970;25628;7.72
1/04/1970;25659;7.43
1/05/1970;25689;7.01
1/06/1970;25720;7.56
1/07/1970;25750;7.44
1/08/1970;25781;6.43
1/09/1970;25812;6.51
1/10/1970;25842;5.22
1/11/1970;25873;6.12
1/12/1970;25903;6.58
1/01/1971;25934;8.26
1/02/1971;25965;9.15
1/03/1971;25993;9.3
1/04/1971;26024;9.78
1/05/1971;26054;10.54
1/06/1971;26085;10
1/07/1971;26115;11.19
1/08/1971;26146;13.03
1/09/1971;26177;13.14
1/10/1971;26207;14.65
1/11/1971;26238;14.6
1/12/1971;26268;14.03
1/01/1972;26299;13.5
1/02/1972;26330;13.84
1/03/1972;26359;13.83
1/04/1972;26390;13.46
1/05/1972;26420;13.02
1/06/1972;26451;13.57
1/07/1972;26481;13.34
1/08/1972;26512;12.9
1/09/1972;26543;13.6
1/10/1972;26573;14.24
1/11/1972;26604;14.31
1/12/1972;26634;13.99
1/01/1973;26665;13.95
1/02/1973;26696;14.94
1/03/1973;26724;17.75
1/04/1973;26755;20.09
1/05/1973;26785;22.7
1/06/1973;26816;23.77
1/07/1973;26846;24.78
1/08/1973;26877;23.44
1/09/1973;26908;23.36
1/10/1973;26938;21.64
1/11/1973;26969;22.89
1/12/1973;26999;24.08
1/01/1974;27030;26.28
1/02/1974;27061;26.91
1/03/1974;27089;26.7
1/04/1974;27120;25.73
1/05/1974;27150;23.53
1/06/1974;27181;22.45
1/07/1974;27211;21.2
1/08/1974;27242;22.06
1/09/1974;27273;22.26
1/10/1974;27303;26.7
1/11/1974;27334;25.42
1/12/1974;27364;26.35
1/01/1975;27395;26.36
1/02/1975;27426;25.29
1/03/1975;27454;24.63
1/04/1975;27485;24.39
1/05/1975;27515;25.18
1/06/1975;27546;24.8
1/07/1975;27576;24.36
1/08/1975;27607;23.99
1/09/1975;27638;23.75
1/10/1975;27668;19.91
1/11/1975;27699;19.25
1/12/1975;27729;17.77
1/01/1976;27760;17.11
1/02/1976;27791;17.86
1/03/1976;27820;17.12
1/04/1976;27851;16.35
1/05/1976;27881;15.69
1/06/1976;27912;17.73
1/07/1976;27942;20.08
1/08/1976;27973;21.82
1/09/1976;28004;22.27
1/10/1976;28034;23.04
1/11/1976;28065;25.31
1/12/1976;28095;25.76
1/01/1977;28126;25.72
1/02/1977;28157;27.53
1/03/1977;28185;29.91
1/04/1977;28216;36.63
1/05/1977;28246;40.85
1/06/1977;28277;41.65
1/07/1977;28307;39.45
1/08/1977;28338;37.01
1/09/1977;28369;34.87
1/10/1977;28399;32.4
1/11/1977;28430;29.44
1/12/1977;28460;28.71
1/01/1978;28491;27.22
1/02/1978;28522;24.36
1/03/1978;28550;23.4
1/04/1978;28581;17.08
1/05/1978;28611;14.75
1/06/1978;28642;14.13
1/07/1978;28672;12.69
1/08/1978;28703;13.21
1/09/1978;28734;13.53
1/10/1978;28764;16.16
1/11/1978;28795;17.62
1/12/1978;28825;18.42
1/01/1979;28856;21.04
1/02/1979;28887;21.49
1/03/1979;28915;22.53
1/04/1979;28946;22.79
1/05/1979;28976;22.61
1/06/1979;29007;21.57
1/07/1979;29037;23.47
1/08/1979;29068;25.51
1/09/1979;29099;27.71
1/10/1979;29129;26.87
1/11/1979;29160;28.15
1/12/1979;29190;28.8
1/01/1980;29221;27.59
1/02/1980;29252;26.62
1/03/1980;29281;24.2
1/04/1980;29312;26.64
1/05/1980;29342;28.27
1/06/1980;29373;27.72
1/07/1980;29403;27.37
1/08/1980;29434;26.13
1/09/1980;29465;25.49
1/10/1980;29495;26.52
1/11/1980;29526;26.2
1/12/1980;29556;25.85
1/01/1981;29587;25.67
1/02/1981;29618;28
1/03/1981;29646;28.82
1/04/1981;29677;27.05
1/05/1981;29707;26.02
1/06/1981;29738;27.87
1/07/1981;29768;28.93
1/08/1981;29799;29.52
1/09/1981;29830;28.33
1/10/1981;29860;27.1
1/11/1981;29891;26.35
1/12/1981;29921;26.36
1/01/1982;29952;26.03
1/02/1982;29983;25.1
1/03/1982;30011;24.55
1/04/1982;30042;24.77
1/05/1982;30072;24.78
1/06/1982;30103;24.19
1/07/1982;30133;23.54
1/08/1982;30164;23.46
1/09/1982;30195;24.52
1/10/1982;30225;25.26
1/11/1982;30256;24.79
1/12/1982;30286;24.03
1/01/1983;30317;23.08
1/02/1983;30348;21.88
1/03/1983;30376;21.85
1/04/1983;30407;22.42
1/05/1983;30437;22.28
1/06/1983;30468;20.46
1/07/1983;30498;19.82
1/08/1983;30529;18.32
1/09/1983;30560;17.42
1/10/1983;30590;17.2
1/11/1983;30621;17.04
1/12/1983;30651;16.64
1/01/1984;30682;17.02
1/02/1984;30713;17.2
1/03/1984;30742;16.64
1/04/1984;30773;15.42
1/05/1984;30803;14.16
1/06/1984;30834;15.17
1/07/1984;30864;15.67
1/08/1984;30895;16.19
1/09/1984;30926;16.51
1/10/1984;30956;15.27
1/11/1984;30987;16.39
1/12/1984;31017;18.28
1/01/1985;31048;19.27
1/02/1985;31079;21.24
1/03/1985;31107;22.82
1/04/1985;31138;23.81
1/05/1985;31168;27.61
1/06/1985;31199;27.91
1/07/1985;31229;25.64
1/08/1985;31260;24.67
1/09/1985;31291;24.4
1/10/1985;31321;24.77
1/11/1985;31352;23.49
1/12/1985;31382;22.45
1/01/1986;31413;23.55
1/02/1986;31444;23.72
1/03/1986;31472;22.65
1/04/1986;31503;22.54
1/05/1986;31533;16.4
1/06/1986;31564;13.46
1/07/1986;31594;14.11
1/08/1986;31625;16.17
1/09/1986;31656;16.79
1/10/1986;31686;18.17
1/11/1986;31717;19.54
1/12/1986;31747;20.95
1/01/1987;31778;21.09
1/02/1987;31809;19.77
1/03/1987;31837;20.36
1/04/1987;31868;19.8
1/05/1987;31898;22.73
1/06/1987;31929;24.81
1/07/1987;31959;26.65
1/08/1987;31990;25.27
1/09/1987;32021;25.01
1/10/1987;32051;24.8
1/11/1987;32082;24.73
1/12/1987;32112;24.02
1/01/1988;32143;23.7
1/02/1988;32174;26.13
1/03/1988;32203;26.36
1/04/1988;32234;28.41
1/05/1988;32264;28.44
1/06/1988;32295;30.27
1/07/1988;32325;30.26
1/08/1988;32356;29.65
1/09/1988;32387;29
1/10/1988;32417;28.59
1/11/1988;32448;27.68
1/12/1988;32478;28.12
1/01/1989;32509;27.91
1/02/1989;32540;27.03
1/03/1989;32568;26.53
1/04/1989;32599;24.85
1/05/1989;32629;24.88
1/06/1989;32660;23.63
1/07/1989;32690;23.76
1/08/1989;32721;25.69
1/09/1989;32752;26.55
1/10/1989;32782;26.61
1/11/1989;32813;27.09
1/12/1989;32843;26.12
1/01/1990;32874;26.69
1/02/1990;32905;27.12
1/03/1990;32933;27.63
1/04/1990;32964;27.98
1/05/1990;32994;28.24
1/06/1990;33025;28.97
1/07/1990;33055;28.72
1/08/1990;33086;28.98
1/09/1990;33117;30.24
1/10/1990;33147;30.65
1/11/1990;33178;30.97
1/12/1990;33208;32.36
1/01/1991;33239;31.98
1/02/1991;33270;31.65
1/03/1991;33298;31.18
1/04/1991;33329;31.16
1/05/1991;33359;31.49
1/06/1991;33390;31
1/07/1991;33420;31.6
1/08/1991;33451;31.2
1/09/1991;33482;30.01
1/10/1991;33512;29.25
1/11/1991;33543;28.22
1/12/1991;33573;26.82
1/01/1992;33604;27.43
1/02/1992;33635;27.35
1/03/1992;33664;27.08
1/04/1992;33695;27.15
1/05/1992;33725;27.3
1/06/1992;33756;28.13
1/07/1992;33786;28.36
1/08/1992;33817;27.7
1/09/1992;33848;26.92
1/10/1992;33878;26.32
1/11/1992;33909;25.7
1/12/1992;33939;25.13
1/01/1993;33970;24.82
1/02/1993;34001;24.71
1/03/1993;34029;24.18
1/04/1993;34060;23.08
1/05/1993;34090;22.21
1/06/1993;34121;21.38
1/07/1993;34151;20.46
1/08/1993;34182;21.07
1/09/1993;34213;21.43
1/10/1993;34243;21.69
1/11/1993;34274;22.37
1/12/1993;34304;22.6
1/01/1994;34335;22.5
1/02/1994;34366;23.01
1/03/1994;34394;23.41
1/04/1994;34425;23.94
1/05/1994;34455;23.86
1/06/1994;34486;23.08
1/07/1994;34516;22.69
1/08/1994;34547;22.35
1/09/1994;34578;22.31
1/10/1994;34608;22.37
1/11/1994;34639;22.16
1/12/1994;34669;22.59
1/01/1995;34700;21.04
1/02/1995;34731;20.86
1/03/1995;34759;21.33
1/04/1995;34790;21.17
1/05/1995;34820;21.3
1/06/1995;34851;21.66
1/07/1995;34881;21.5
1/08/1995;34912;21.09
1/09/1995;34943;20.79
1/10/1995;34973;20.52
1/11/1995;35004;20.13
1/12/1995;35034;19.46
1/01/1996;35065;20.24
1/02/1996;35096;20.81
1/03/1996;35125;20.2
1/04/1996;35156;19.9
1/05/1996;35186;19.78
1/06/1996;35217;19.7
1/07/1996;35247;20.57
1/08/1996;35278;21.13
1/09/1996;35309;21.55
1/10/1996;35339;21.87
1/11/1996;35370;21.88
1/12/1996;35400;21.63
1/01/1997;35431;20.62
1/02/1997;35462;19.58
1/03/1997;35490;18.93
1/04/1997;35521;18.52
1/05/1997;35551;18.6
1/06/1997;35582;18.67
1/07/1997;35612;17.88
1/08/1997;35643;17.93
1/09/1997;35674;18.01
1/10/1997;35704;17.8
1/11/1997;35735;17.81
1/12/1997;35765;17.68
1/01/1998;35796;17.84
1/02/1998;35827;18.03
1/03/1998;35855;19.24
1/04/1998;35886;20.74
1/05/1998;35916;20.67
1/06/1998;35947;20.69
1/07/1998;35977;20.27
1/08/1998;36008;18.94
1/09/1998;36039;17.8
1/10/1998;36069;17.09
1/11/1998;36100;16.35
1/12/1998;36130;16.7
1/01/1999;36161;17.18
1/02/1999;36192;15.38
1/03/1999;36220;13.51
1/04/1999;36251;11.17
1/05/1999;36281;9.98
1/06/1999;36312;8.96
1/07/1999;36342;8.78
1/08/1999;36373;9.28
1/09/1999;36404;9.33
1/10/1999;36434;9.32
1/11/1999;36465;9.65
1/12/1999;36495;9.23
1/01/2000;36526;8.25
1/02/2000;36557;8.89
1/03/2000;36586;9.73
1/04/2000;36617;9.96
1/05/2000;36647;10
1/06/2000;36678;9.68
1/07/2000;36708;9.29
1/08/2000;36739;9.1
1/09/2000;36770;9.2
1/10/2000;36800;8.99
1/11/2000;36831;8.82
1/12/2000;36861;8.75
1/01/2001;36892;8.49
1/02/2001;36923;8.06
1/03/2001;36951;7.81
1/04/2001;36982;7.98
1/05/2001;37012;7.87
1/06/2001;37043;7.93
1/07/2001;37073;8.09
1/08/2001;37104;8.03
1/09/2001;37135;7.97
1/10/2001;37165;8.01
1/11/2001;37196;7.78
1/12/2001;37226;7.65
1/01/2002;37257;7.37
1/02/2002;37288;6.7
1/03/2002;37316;5.89
1/04/2002;37347;5.65
1/05/2002;37377;5.84
1/06/2002;37408;6.25
1/07/2002;37438;6.16
1/08/2002;37469;5.98
1/09/2002;37500;5.97
1/10/2002;37530;6.37
1/11/2002;37561;7.07
1/12/2002;37591;6.99
1/01/2003;37622;7.39
1/02/2003;37653;7.24
1/03/2003;37681;7.6
1/04/2003;37712;7.85
1/05/2003;37742;7.73
1/06/2003;37773;7.21
1/07/2003;37803;7.04
1/08/2003;37834;7.26
1/09/2003;37865;7.11
1/10/2003;37895;6.58
1/11/2003;37926;6.13
1/12/2003;37956;6.49
1/01/2004;37987;6.19
1/02/2004;38018;6.28
1/03/2004;38047;6.21
1/04/2004;38078;5.49
1/05/2004;38108;5.37
1/06/2004;38139;6.07
1/07/2004;38169;6.19
1/08/2004;38200;5.89
1/09/2004;38231;5.97
1/10/2004;38261;5.9
1/11/2004;38292;5.82
1/12/2004;38322;5.5
1/01/2005;38353;5.43
1/02/2005;38384;5.25
1/03/2005;38412;5.03
1/04/2005;38443;5.01
1/05/2005;38473;5.04
1/06/2005;38504;4.83
1/07/2005;38534;4.91
1/08/2005;38565;4.88
1/09/2005;38596;5.02
1/10/2005;38626;5.27
1/11/2005;38657;5.1
1/12/2005;38687;4.85
1/01/2006;38718;4.56
1/02/2006;38749;4.19
1/03/2006;38777;4.11
1/04/2006;38808;4.12
1/05/2006;38838;4.04
1/06/2006;38869;3.94
1/07/2006;38899;4.32
1/08/2006;38930;4.72
1/09/2006;38961;4.58
1/10/2006;38991;4.19
1/11/2006;39022;4.31
1/12/2006;39052;4.48
1/01/2007;39083;4.71
1/02/2007;39114;5.25
1/03/2007;39142;5.78
1/04/2007;39173;6.26
1/05/2007;39203;6.23
1/06/2007;39234;6.03
1/07/2007;39264;5.77
1/08/2007;39295;5.22
1/09/2007;39326;5.01
1/10/2007;39356;5.16
1/11/2007;39387;5.41
1/12/2007;39417;5.69
1/01/2008;39448;6
1/02/2008;39479;6.35
1/03/2008;39508;5.93
1/04/2008;39539;5.73
1/05/2008;39569;6.39
1/06/2008;39600;7.18
1/07/2008;39630;7.52
1/08/2008;39661;7.87
1/09/2008;39692;7.57
1/10/2008;39722;7.94
1/11/2008;39753;7.73
1/12/2008;39783;7.67
1/01/2009;39814;7.18
1/02/2009;39845;6.47
1/03/2009;39873;6.14
1/04/2009;39904;5.73
1/05/2009;39934;4.77
1/06/2009;39965;3.81
1/07/2009;39995;3.28
1/08/2009;40026;3.13
1/09/2009;40057;3.21
1/10/2009;40087;2.72
1/11/2009;40118;2.37
1/12/2009;40148;2
1/01/2010;40179;2.1
1/02/2010;40210;2.09
1/03/2010;40238;1.84
1/04/2010;40269;1.98
1/05/2010;40299;2.07
1/06/2010;40330;2.25
1/07/2010;40360;2.24
1/08/2010;40391;2.31
1/09/2010;40422;2.28
1/10/2010;40452;2.33
1/11/2010;40483;2.59
1/12/2010;40513;3.17
1/01/2011;40544;3.4
1/02/2011;40575;3.17
1/03/2011;40603;3.19
1/04/2011;40634;2.84
1/05/2011;40664;3.02
1/06/2011;40695;3.23
1/07/2011;40725;3.42
1/08/2011;40756;3.27
1/09/2011;40787;3.73
1/10/2011;40817;4.02
1/11/2011;40848;3.96
1/12/2011;40878;3.73
1/01/2012;40909;3.54
1/02/2012;40940;3.55
1/03/2012;40969;3.4
1/04/2012;41000;3.43
1/05/2012;41030;3.44
1/06/2012;41061;3.2
1/07/2012;41091;3.03
1/08/2012;41122;3.11
1/09/2012;41153;3.08
1/10/2012;41183;3.06
1/11/2012;41214;2.77
1/12/2012;41244;2.44
1/01/2013;41275;2
1/02/2013;41306;1.83
1/03/2013;41334;1.91
1/04/2013;41365;2.02
1/05/2013;41395;2
1/06/2013;41426;2.16
1/07/2013;41456;2.22
1/08/2013;41487;2.27
1/09/2013;41518;2.27
1/10/2013;41548;1.84
1/11/2013;41579;1.76
1/12/2013;41609;1.94
1/01/2014;41640;2.13
1/02/2014;41671;2.32
1/03/2014;41699;2.51
1/04/2014;41730;2.72
1/05/2014;41760;2.93
1/06/2014;41791;2.79
1/07/2014;41821;2.89
1/08/2014;41852;3.02
1/09/2014;41883;2.86
1/10/2014;41913;3.29
1/11/2014;41944;3.65
1/12/2014;41974;3.66
1/01/2015;42005;3.82
1/02/2015;42036;4.36
1/03/2015;42064;4.56
1/04/2015;42095;4.64
1/05/2015;42125;4.41
1/06/2015;42156;4.42
1/07/2015;42186;4.46
1/08/2015;42217;4.74
1/09/2015;42248;5.35
1/10/2015;42278;5.89
1/11/2015;42309;6.39
1/12/2015;42339;6.77
1/01/2016;42370;7.45
1/02/2016;42401;7.59
1/03/2016;42430;7.98
1/04/2016;42461;7.93
1/05/2016;42491;8.2
1/06/2016;42522;8.6
1/07/2016;42552;8.97
1/08/2016;42583;8.1
1/09/2016;42614;7.27
1/10/2016;42644;6.48
1/11/2016;42675;5.96
1/12/2016;42705;5.75
1/01/2017;42736;5.47
1/02/2017;42767;5.18
1/03/2017;42795;4.69
1/04/2017;42826;4.66
1/05/2017;42856;4.37
1/06/2017;42887;3.99
1/07/2017;42917;3.4
1/08/2017;42948;3.87
1/09/2017;42979;3.97
1/10/2017;43009;4.05
1/11/2017;43040;4.12
1/12/2017;43070;4.09
1/01/2018;43101;3.68
1/02/2018;43132;3.37
1/03/2018;43160;3.14
1/04/2018;43191;3.13
1/05/2018;43221;3.16
1/06/2018;43252;3.2
1/07/2018;43282;3.12
1/08/2018;43313;3.1
1/09/2018;43344;3.23
1/10/2018;43374;3.33
1/11/2018;43405;3.27
1/12/2018;43435;3.18
1/01/2019;43466;3.15
1/02/2019;43497;3.01
1/03/2019;43525;3.21
1/04/2019;43556;3.25
1/05/2019;43586;3.31
1/06/2019;43617;3.43
1/07/2019;43647;3.79
1/08/2019;43678;3.75
1/09/2019;43709;3.82
1/10/2019;43739;3.86
1/11/2019;43770;3.84
1/12/2019;43800;3.8
1/01/2020;43831;3.62
1/02/2020;43862;3.72
1/03/2020;43891;3.86
1/04/2020;43922;3.51
1/05/2020;43952;2.85
1/06/2020;43983;2.19
1/07/2020;44013;1.97
1/08/2020;44044;1.88
1/09/2020;44075;1.97
1/10/2020;44105;1.75
1/11/2020;44136;1.49
1/12/2020;44166;1.61
1/01/2021;44197;1.6
1/02/2021;44228;1.56
1/03/2021;44256;1.51
1/04/2021;44287;1.95
1/05/2021;44317;3.3
1/06/2021;44348;3.63
1/07/2021;44378;3.97
1/08/2021;44409;4.44
1/09/2021;44440;4.51
1/10/2021;44470;4.58
1/11/2021;44501;5.26
1/12/2021;44531;5.62
1/01/2022;44562;6.94
1/02/2022;44593;8.01
1/03/2022;44621;8.53
1/04/2022;44652;9.23
1/05/2022;44682;9.07
1/06/2022;44713;9.67
1/07/2022;44743;10.21
1/08/2022;44774;10.84
1/09/2022;44805;11.44
1/10/2022;44835;12.22
1/11/2022;44866;12.53
1/12/2022;44896;13.12
1/01/2023;44927;13.25
1/02/2023;44958;13.28
1/03/2023;44986;13.34
1/04/2023;45017;12.82
1/05/2023;45047;12.36
1/06/2023;45078;12.13
1/07/2023;45108;11.78
1/08/2023;45139;11.43
1/09/2023;45170;10.99
1/10/2023;45200;10.48
1/11/2023;45231;10.15
1/12/2023;45261;9.28
1/01/2024;45292;8.35
1/02/2024;45323;7.74
1/03/2024;45352;7.36
1/04/2024;45383;7.16
1/05/2024;45413;7.16
1/06/2024;45444;7.18
1/07/2024;45474;6.86
1/08/2024;45505;6.12
1/09/2024;45536;
1/10/2024;45566;
1/11/2024;45597;
1/12/2024;45627;
1/01/2025;45658;
1/02/2025;45689;
1/03/2025;45717;
1/04/2025;45748;
1/05/2025;45778;
1/06/2025;45809;
1/07/2025;45839;
1/08/2025;45870;
1/09/2025;45901;
1/10/2025;45931;
1/11/2025;45962;
1/12/2025;45992;
1/01/2026;46023;
1/02/2026;46054;
1/03/2026;46082;
1/04/2026;46113;
1/05/2026;46143;
1/06/2026;46174;
1/07/2026;46204;
1/08/2026;46235;
1/09/2026;46266;
1/10/2026;46296;
1/11/2026;46327;
1/12/2026;46357;
1/01/2027;46388;
1/02/2027;46419;
1/03/2027;46447;
1/04/2027;46478;
1/05/2027;46508;
1/06/2027;46539;
1/07/2027;46569;
1/08/2027;46600;
1/09/2027;46631;
1/10/2027;46661;
1/11/2027;46692;
1/12/2027;46722;
1/01/2028;46753;
1/02/2028;46784;
1/03/2028;46813;
1/04/2028;46844;
1/05/2028;46874;
1/06/2028;46905;
1/07/2028;46935;
1/08/2028;46966;
1/09/2028;46997;
1/10/2028;47027;
1/11/2028;47058;
1/12/2028;47088;
1/01/2029;47119;
1/02/2029;47150;
1/03/2029;47178;
1/04/2029;47209;
1/05/2029;47239;
1/06/2029;47270;
1/07/2029;47300;
1/08/2029;47331;
1/09/2029;47362;
1/10/2029;47392;
1/11/2029;47423;
1/12/2029;47453;
1/01/2030;47484;
1/02/2030;47515;
1/03/2030;47543;
1/04/2030;47574;
1/05/2030;47604;
1/06/2030;47635;
1/07/2030;47665;
1/08/2030;47696;
1/09/2030;47727;
1/10/2030;47757;
1/11/2030;47788;
1/12/2030;47818;
1/01/2031;47849;
1/02/2031;47880;
1/03/2031;47908;
1/04/2031;47939;
1/05/2031;47969;
1/06/2031;48000;
1/07/2031;48030;
1/08/2031;48061;
1/09/2031;48092;
1/10/2031;48122;
1/11/2031;48153;
1/12/2031;48183;
1/01/2032;48214;
1/02/2032;48245;
1/03/2032;48274;
1/04/2032;48305;
1/05/2032;48335;
1/06/2032;48366;
1/07/2032;48396;
1/08/2032;48427;
1/09/2032;48458;
1/10/2032;48488;
1/11/2032;48519;
1/12/2032;48549;
1/01/2033;48580;
1/02/2033;48611;
1/03/2033;48639;
1/04/2033;48670;
1/05/2033;48700;
1/06/2033;48731;
1/07/2033;48761;
1/08/2033;48792;
1/09/2033;48823;
1/10/2033;48853;
1/11/2033;48884;
1/12/2033;48914;
1/01/2034;48945;
1/02/2034;48976;
1/03/2034;49004;
1/04/2034;49035;
1/05/2034;49065;
1/06/2034;49096;
1/07/2034;49126;
1/08/2034;49157;
1/09/2034;49188;
1/10/2034;49218;
1/11/2034;49249;
1/12/2034;49279;
1/01/2035;49310;
1/02/2035;49341;
1/03/2035;49369;
1/04/2035;49400;
1/05/2035;49430;
1/06/2035;49461;
1/07/2035;49491;
1/08/2035;49522;
1/09/2035;49553;
1/10/2035;49583;
1/11/2035;49614;
1/12/2035;49644;
1/01/2036;49675;
1/02/2036;49706;
1/03/2036;49735;
1/04/2036;49766;
1/05/2036;49796;
1/06/2036;49827;
1/07/2036;49857;
1/08/2036;49888;
1/09/2036;49919;
1/10/2036;49949;
1/11/2036;49980;
1/12/2036;50010;
1/01/2037;50041;
1/02/2037;50072;
1/03/2037;50100;
1/04/2037;50131;
1/05/2037;50161;
1/06/2037;50192;
1/07/2037;50222;
1/08/2037;50253;
1/09/2037;50284;
1/10/2037;50314;
1/11/2037;50345;
1/12/2037;50375;
1/01/2038;50406;
1/02/2038;50437;
1/03/2038;50465;
1/04/2038;50496;
1/05/2038;50526;
1/06/2038;50557;
1/07/2038;50587;
1/08/2038;50618;
1/09/2038;50649;
1/10/2038;50679;
1/11/2038;50710;
1/12/2038;50740;
1/01/2039;50771;
1/02/2039;50802;
1/03/2039;50830;
1/04/2039;50861;
1/05/2039;50891;
1/06/2039;50922;
1/07/2039;50952;
1/08/2039;50983;
1/09/2039;51014;
1/10/2039;51044;
1/11/2039;51075;
1/12/2039;51105;
1/01/2040;51136;
1/02/2040;51167;
1/03/2040;51196;
1/04/2040;51227;
1/05/2040;51257;
1/06/2040;51288;
1/07/2040;51318;
1/08/2040;51349;
1/09/2040;51380;
1/10/2040;51410;
1/11/2040;51441;
1/12/2040;51471;
1/01/2041;51502;
1/02/2041;51533;
1/03/2041;51561;
1/04/2041;51592;
1/05/2041;51622;
1/06/2041;51653;
1/07/2041;51683;
1/08/2041;51714;
1/09/2041;51745;
1/10/2041;51775;
1/11/2041;51806;
1/12/2041;51836;
1/01/2042;51867;
1/02/2042;51898;
1/03/2042;51926;
1/04/2042;51957;
1/05/2042;51987;
1/06/2042;52018;
1/07/2042;52048;
1/08/2042;52079;
1/09/2042;52110;
1/10/2042;52140;
1/11/2042;52171;
1/12/2042;52201;
1/01/2043;52232;
1/02/2043;52263;
1/03/2043;52291;
1/04/2043;52322;
1/05/2043;52352;
1/06/2043;52383;
1/07/2043;52413;
1/08/2043;52444;
1/09/2043;52475;
1/10/2043;52505;
1/11/2043;52536;
1/12/2043;52566;
1/01/2044;52597;
1/02/2044;52628;
1/03/2044;52657;
1/04/2044;52688;
1/05/2044;52718;
1/06/2044;52749;
1/07/2044;52779;
1/08/2044;52810;
1/09/2044;52841;
1/10/2044;52871;
1/11/2044;52902;
1/12/2044;52932;
1/01/2045;52963;
1/02/2045;52994;
1/03/2045;53022;
1/04/2045;53053;
1/05/2045;53083;
1/06/2045;53114;
1/07/2045;53144;
1/08/2045;53175;
1/09/2045;53206;
1/10/2045;53236;
1/11/2045;53267;
1/12/2045;53297;
1/01/2046;53328;
1/02/2046;53359;
1/03/2046;53387;
1/04/2046;53418;
1/05/2046;53448;
1/06/2046;53479;
1/07/2046;53509;
1/08/2046;53540;
1/09/2046;53571;
1/10/2046;53601;
1/11/2046;53632;
1/12/2046;53662;
1/01/2047;53693;
1/02/2047;53724;
1/03/2047;53752;
1/04/2047;53783;
1/05/2047;53813;
1/06/2047;53844;
1/07/2047;53874;
1/08/2047;53905;
1/09/2047;53936;
1/10/2047;53966;
1/11/2047;53997;
1/12/2047;54027;
1/01/2048;54058;
1/02/2048;54089;
1/03/2048;54118;
1/04/2048;54149;
1/05/2048;54179;
1/06/2048;54210;
1/07/2048;54240;
1/08/2048;54271;
1/09/2048;54302;
1/10/2048;54332;
1/11/2048;54363;
1/12/2048;54393;
1/01/2049;54424;
1/02/2049;54455;
1/03/2049;54483;
1/04/2049;54514;
1/05/2049;54544;
1/06/2049;54575;
1/07/2049;54605;
1/08/2049;54636;
1/09/2049;54667;
1/10/2049;54697;
1/11/2049;54728;
1/12/2049;54758;
1/01/2050;54789;
1/02/2050;54820;
1/03/2050;54848;
1/04/2050;54879;
1/05/2050;54909;
1/06/2050;54940;
1/07/2050;54970;
1/08/2050;55001;
1/09/2050;55032;
1/10/2050;55062;
1/11/2050;55093;
1/12/2050;55123;
1/01/2051;55154;
1/02/2051;55185;
1/03/2051;55213;
1/04/2051;55244;
1/05/2051;55274;
1/06/2051;55305;
1/07/2051;55335;
1/08/2051;55366;
1/09/2051;55397;
1/10/2051;55427;
1/11/2051;55458;
1/12/2051;55488;
1/01/2052;55519;
1/02/2052;55550;
1/03/2052;55579;
1/04/2052;55610;
1/05/2052;55640;
1/06/2052;55671;
1/07/2052;55701;
1/08/2052;55732;
1/09/2052;55763;
1/10/2052;55793;
1/11/2052;55824;
1/12/2052;55854;
1/01/2053;55885;
1/02/2053;55916;
1/03/2053;55944;
1/04/2053;55975;
1/05/2053;56005;
1/06/2053;56036;
1/07/2053;56066;
1/08/2053;56097;
1/09/2053;56128;
1/10/2053;56158;
1/11/2053;56189;
1/12/2053;56219;
1/01/2054;56250;
1/02/2054;56281;
1/03/2054;56309;
1/04/2054;56340;
1/05/2054;56370;
1/06/2054;56401;
1/07/2054;56431;
1/08/2054;56462;
1/09/2054;56493;
1/10/2054;56523;
1/11/2054;56554;
1/12/2054;56584;
1/01/2055;56615;
1/02/2055;56646;
1/03/2055;56674;
1/04/2055;56705;
1/05/2055;56735;
1/06/2055;56766;
1/07/2055;56796;
1/08/2055;56827;
1/09/2055;56858;
1/10/2055;56888;
1/11/2055;56919;
1/12/2055;56949;
1/01/2056;56980;
1/02/2056;57011;
1/03/2056;57040;
1/04/2056;57071;
1/05/2056;57101;
1/06/2056;57132;
1/07/2056;57162;
1/08/2056;57193;
1/09/2056;57224;
1/10/2056;57254;
1/11/2056;57285;
1/12/2056;57315;
1/01/2057;57346;
1/02/2057;57377;
1/03/2057;57405;
1/04/2057;57436;
1/05/2057;57466;
1/06/2057;57497;
1/07/2057;57527;
1/08/2057;57558;
1/09/2057;57589;
1/10/2057;57619;
1/11/2057;57650;
1/12/2057;57680;
1/01/2058;57711;
1/02/2058;57742;
1/03/2058;57770;
1/04/2058;57801;
1/05/2058;57831;
1/06/2058;57862;
1/07/2058;57892;
1/08/2058;57923;
1/09/2058;57954;
1/10/2058;57984;
1/11/2058;58015;
1/12/2058;58045;
1/01/2059;58076;
1/02/2059;58107;
1/03/2059;58135;
1/04/2059;58166;
1/05/2059;58196;
1/06/2059;58227;
1/07/2059;58257;
1/08/2059;58288;
1/09/2059;58319;
1/10/2059;58349;
1/11/2059;58380;
1/12/2059;58410;
1/01/2060;58441;
1/02/2060;58472;
1/03/2060;58501;
1/04/2060;58532;
1/05/2060;58562;
1/06/2060;58593;
1/07/2060;58623;
1/08/2060;58654;
1/09/2060;58685;
1/10/2060;58715;
1/11/2060;58746;
1/12/2060;58776;
