Fecha;TRM
01/01/2020;$ 3,277.14
02/01/2020;$ 3,277.14
03/01/2020;$ 3,258.84
04/01/2020;$ 3,262.05
05/01/2020;$ 3,262.05
06/01/2020;$ 3,262.05
07/01/2020;$ 3,262.05
08/01/2020;$ 3,264.26
09/01/2020;$ 3,254.42
10/01/2020;$ 3,253.89
11/01/2020;$ 3,272.62
12/01/2020;$ 3,272.62
13/01/2020;$ 3,272.62
14/01/2020;$ 3,288.05
15/01/2020;$ 3,278.83
16/01/2020;$ 3,296.74
17/01/2020;$ 3,313.40
18/01/2020;$ 3,320.77
19/01/2020;$ 3,320.77
20/01/2020;$ 3,320.77
21/01/2020;$ 3,320.77
22/01/2020;$ 3,347.91
23/01/2020;$ 3,337.77
24/01/2020;$ 3,353.76
25/01/2020;$ 3,366.01
26/01/2020;$ 3,366.01
27/01/2020;$ 3,366.01
28/01/2020;$ 3,398.40
29/01/2020;$ 3,392.60
30/01/2020;$ 3,395.10
31/01/2020;$ 3,411.45
01/02/2020;$ 3,423.24
02/02/2020;$ 3,423.24
03/02/2020;$ 3,423.24
04/02/2020;$ 3,401.56
05/02/2020;$ 3,368.87
06/02/2020;$ 3,355.44
07/02/2020;$ 3,378.43
08/02/2020;$ 3,408.35
09/02/2020;$ 3,408.35
10/02/2020;$ 3,408.35
11/02/2020;$ 3,440.96
12/02/2020;$ 3,432.89
13/02/2020;$ 3,394.80
14/02/2020;$ 3,385.11
15/02/2020;$ 3,378.29
16/02/2020;$ 3,378.29
17/02/2020;$ 3,378.29
18/02/2020;$ 3,378.29
19/02/2020;$ 3,410.24
20/02/2020;$ 3,400.98
21/02/2020;$ 3,403.50
22/02/2020;$ 3,398.05
23/02/2020;$ 3,398.05
24/02/2020;$ 3,398.05
25/02/2020;$ 3,431.60
26/02/2020;$ 3,425.22
27/02/2020;$ 3,441.88
28/02/2020;$ 3,507.11
29/02/2020;$ 3,539.86
01/03/2020;$ 3,539.86
02/03/2020;$ 3,539.86
03/03/2020;$ 3,512.17
04/03/2020;$ 3,455.56
05/03/2020;$ 3,458.45
06/03/2020;$ 3,522.41
07/03/2020;$ 3,584.58
08/03/2020;$ 3,584.58
09/03/2020;$ 3,584.58
10/03/2020;$ 3,803.60
11/03/2020;$ 3,780.39
12/03/2020;$ 3,835.15
13/03/2020;$ 4,034.66
14/03/2020;$ 3,941.92
15/03/2020;$ 3,941.92
16/03/2020;$ 3,941.92
17/03/2020;$ 4,099.93
18/03/2020;$ 4,044.55
19/03/2020;$ 4,128.38
20/03/2020;$ 4,153.91
21/03/2020;$ 4,079.96
22/03/2020;$ 4,079.96
23/03/2020;$ 4,079.96
24/03/2020;$ 4,079.96
25/03/2020;$ 4,104.90
26/03/2020;$ 4,086.34
27/03/2020;$ 3,995.83
28/03/2020;$ 4,042.80
29/03/2020;$ 4,042.80
30/03/2020;$ 4,042.80
31/03/2020;$ 4,064.81
01/04/2020;$ 4,054.54
02/04/2020;$ 4,081.06
03/04/2020;$ 4,065.50
04/04/2020;$ 4,008.78
05/04/2020;$ 4,008.78
06/04/2020;$ 4,008.78
07/04/2020;$ 3,978.38
08/04/2020;$ 3,910.15
09/04/2020;$ 3,886.79
10/04/2020;$ 3,886.79
11/04/2020;$ 3,886.79
12/04/2020;$ 3,886.79
13/04/2020;$ 3,886.79
14/04/2020;$ 3,870.31
15/04/2020;$ 3,858.21
16/04/2020;$ 3,920.83
17/04/2020;$ 3,942.92
18/04/2020;$ 3,973.06
19/04/2020;$ 3,973.06
20/04/2020;$ 3,973.06
21/04/2020;$ 3,967.76
22/04/2020;$ 4,045.01
23/04/2020;$ 4,037.95
24/04/2020;$ 4,020.94
25/04/2020;$ 4,039.87
26/04/2020;$ 4,039.87
27/04/2020;$ 4,039.87
28/04/2020;$ 4,039.83
29/04/2020;$ 4,046.04
30/04/2020;$ 3,983.29
01/05/2020;$ 3,932.72
02/05/2020;$ 3,932.72
03/05/2020;$ 3,932.72
04/05/2020;$ 3,932.72
05/05/2020;$ 3,990.10
06/05/2020;$ 3,926.07
07/05/2020;$ 3,961.66
08/05/2020;$ 3,924.54
09/05/2020;$ 3,882.27
10/05/2020;$ 3,882.27
11/05/2020;$ 3,882.27
12/05/2020;$ 3,901.34
13/05/2020;$ 3,880.48
14/05/2020;$ 3,901.30
15/05/2020;$ 3,947.79
16/05/2020;$ 3,926.06
17/05/2020;$ 3,926.06
18/05/2020;$ 3,926.06
19/05/2020;$ 3,851.07
20/05/2020;$ 3,824.30
21/05/2020;$ 3,804.12
22/05/2020;$ 3,774.25
23/05/2020;$ 3,782.66
24/05/2020;$ 3,782.66
25/05/2020;$ 3,782.66
26/05/2020;$ 3,782.66
27/05/2020;$ 3,725.56
28/05/2020;$ 3,743.79
29/05/2020;$ 3,723.42
30/05/2020;$ 3,718.82
31/05/2020;$ 3,718.82
01/06/2020;$ 3,718.82
02/06/2020;$ 3,716.35
03/06/2020;$ 3,651.42
04/06/2020;$ 3,588.89
05/06/2020;$ 3,597.47
06/06/2020;$ 3,565.06
07/06/2020;$ 3,565.06
08/06/2020;$ 3,565.06
09/06/2020;$ 3,599.00
10/06/2020;$ 3,643.02
11/06/2020;$ 3,674.81
12/06/2020;$ 3,746.46
13/06/2020;$ 3,758.15
14/06/2020;$ 3,758.15
15/06/2020;$ 3,758.15
16/06/2020;$ 3,758.15
17/06/2020;$ 3,741.88
18/06/2020;$ 3,749.03
19/06/2020;$ 3,760.22
20/06/2020;$ 3,733.27
21/06/2020;$ 3,733.27
22/06/2020;$ 3,733.27
23/06/2020;$ 3,733.27
24/06/2020;$ 3,706.06
25/06/2020;$ 3,722.27
26/06/2020;$ 3,735.93
27/06/2020;$ 3,758.91
28/06/2020;$ 3,758.91
29/06/2020;$ 3,758.91
30/06/2020;$ 3,758.91
01/07/2020;$ 3,756.28
02/07/2020;$ 3,723.67
03/07/2020;$ 3,660.18
04/07/2020;$ 3,645.90
05/07/2020;$ 3,645.90
06/07/2020;$ 3,645.90
07/07/2020;$ 3,633.32
08/07/2020;$ 3,631.54
09/07/2020;$ 3,625.61
10/07/2020;$ 3,633.42
11/07/2020;$ 3,615.75
12/07/2020;$ 3,615.75
13/07/2020;$ 3,615.75
14/07/2020;$ 3,617.22
15/07/2020;$ 3,638.22
16/07/2020;$ 3,611.61
17/07/2020;$ 3,627.86
18/07/2020;$ 3,651.93
19/07/2020;$ 3,651.93
20/07/2020;$ 3,651.93
21/07/2020;$ 3,651.93
22/07/2020;$ 3,628.20
23/07/2020;$ 3,627.28
24/07/2020;$ 3,660.15
25/07/2020;$ 3,690.80
26/07/2020;$ 3,690.80
27/07/2020;$ 3,690.80
28/07/2020;$ 3,679.17
29/07/2020;$ 3,718.69
30/07/2020;$ 3,716.89
31/07/2020;$ 3,739.49
01/08/2020;$ 3,733.08
02/08/2020;$ 3,733.08
03/08/2020;$ 3,733.08
04/08/2020;$ 3,768.39
05/08/2020;$ 3,792.98
06/08/2020;$ 3,775.95
07/08/2020;$ 3,769.67
08/08/2020;$ 3,769.67
09/08/2020;$ 3,769.67
10/08/2020;$ 3,769.67
11/08/2020;$ 3,770.22
12/08/2020;$ 3,749.30
13/08/2020;$ 3,755.61
14/08/2020;$ 3,767.05
15/08/2020;$ 3,783.15
16/08/2020;$ 3,783.15
17/08/2020;$ 3,783.15
18/08/2020;$ 3,783.15
19/08/2020;$ 3,784.15
20/08/2020;$ 3,766.73
21/08/2020;$ 3,792.13
22/08/2020;$ 3,827.27
23/08/2020;$ 3,827.27
24/08/2020;$ 3,827.27
25/08/2020;$ 3,843.69
26/08/2020;$ 3,867.32
27/08/2020;$ 3,846.64
28/08/2020;$ 3,820.17
29/08/2020;$ 3,760.38
30/08/2020;$ 3,760.38
31/08/2020;$ 3,760.38
01/09/2020;$ 3,745.41
02/09/2020;$ 3,683.28
03/09/2020;$ 3,653.70
04/09/2020;$ 3,653.23
05/09/2020;$ 3,702.62
06/09/2020;$ 3,702.62
07/09/2020;$ 3,702.62
08/09/2020;$ 3,702.62
09/09/2020;$ 3,757.21
10/09/2020;$ 3,717.25
11/09/2020;$ 3,700.28
12/09/2020;$ 3,709.00
13/09/2020;$ 3,709.00
14/09/2020;$ 3,709.00
15/09/2020;$ 3,697.00
16/09/2020;$ 3,683.49
17/09/2020;$ 3,703.86
18/09/2020;$ 3,714.65
19/09/2020;$ 3,725.37
20/09/2020;$ 3,725.37
21/09/2020;$ 3,725.37
22/09/2020;$ 3,790.54
23/09/2020;$ 3,813.30
24/09/2020;$ 3,863.60
25/09/2020;$ 3,873.80
26/09/2020;$ 3,867.81
27/09/2020;$ 3,867.81
28/09/2020;$ 3,867.81
29/09/2020;$ 3,859.90
30/09/2020;$ 3,878.94
01/10/2020;$ 3,865.47
02/10/2020;$ 3,842.34
03/10/2020;$ 3,881.80
04/10/2020;$ 3,881.80
05/10/2020;$ 3,881.80
06/10/2020;$ 3,843.75
07/10/2020;$ 3,826.77
08/10/2020;$ 3,837.79
09/10/2020;$ 3,839.73
10/10/2020;$ 3,824.25
11/10/2020;$ 3,824.25
12/10/2020;$ 3,824.25
13/10/2020;$ 3,824.25
14/10/2020;$ 3,856.32
15/10/2020;$ 3,843.59
16/10/2020;$ 3,854.47
17/10/2020;$ 3,846.48
18/10/2020;$ 3,846.48
19/10/2020;$ 3,846.48
20/10/2020;$ 3,842.76
21/10/2020;$ 3,830.79
22/10/2020;$ 3,784.51
23/10/2020;$ 3,776.73
24/10/2020;$ 3,782.66
25/10/2020;$ 3,782.66
26/10/2020;$ 3,782.66
27/10/2020;$ 3,812.82
28/10/2020;$ 3,810.23
29/10/2020;$ 3,841.46
30/10/2020;$ 3,849.53
31/10/2020;$ 3,858.56
01/11/2020;$ 3,858.56
02/11/2020;$ 3,858.56
03/11/2020;$ 3,858.56
04/11/2020;$ 3,823.45
05/11/2020;$ 3,807.13
06/11/2020;$ 3,763.82
07/11/2020;$ 3,738.19
08/11/2020;$ 3,738.19
09/11/2020;$ 3,738.19
10/11/2020;$ 3,646.15
11/11/2020;$ 3,650.50
12/11/2020;$ 3,650.50
13/11/2020;$ 3,646.22
14/11/2020;$ 3,639.95
15/11/2020;$ 3,639.95
16/11/2020;$ 3,639.95
17/11/2020;$ 3,639.95
18/11/2020;$ 3,635.19
19/11/2020;$ 3,647.73
20/11/2020;$ 3,647.10
21/11/2020;$ 3,649.90
22/11/2020;$ 3,649.90
23/11/2020;$ 3,649.90
24/11/2020;$ 3,632.92
25/11/2020;$ 3,643.24
26/11/2020;$ 3,620.39
27/11/2020;$ 3,620.39
28/11/2020;$ 3,611.44
29/11/2020;$ 3,611.44
30/11/2020;$ 3,611.44
01/12/2020;$ 3,591.84
02/12/2020;$ 3,558.57
03/12/2020;$ 3,533.21
04/12/2020;$ 3,481.44
05/12/2020;$ 3,467.49
06/12/2020;$ 3,467.49
07/12/2020;$ 3,467.49
08/12/2020;$ 3,487.65
09/12/2020;$ 3,487.65
10/12/2020;$ 3,465.76
11/12/2020;$ 3,448.89
12/12/2020;$ 3,433.45
13/12/2020;$ 3,433.45
14/12/2020;$ 3,433.45
15/12/2020;$ 3,426.97
16/12/2020;$ 3,422.44
17/12/2020;$ 3,416.21
18/12/2020;$ 3,410.82
19/12/2020;$ 3,420.26
20/12/2020;$ 3,420.26
21/12/2020;$ 3,420.26
22/12/2020;$ 3,442.41
23/12/2020;$ 3,444.90
24/12/2020;$ 3,482.51
25/12/2020;$ 3,493.77
26/12/2020;$ 3,493.77
27/12/2020;$ 3,493.77
28/12/2020;$ 3,493.77
29/12/2020;$ 3,495.39
30/12/2020;$ 3,482.10
31/12/2020;$ 3,432.50
01/01/2021;$ 3,432.50
02/01/2021;$ 3,432.50
03/01/2021;$ 3,432.50
04/01/2021;$ 3,432.50
05/01/2021;$ 3,420.78
06/01/2021;$ 3,450.74
07/01/2021;$ 3,428.04
08/01/2021;$ 3,459.39
09/01/2021;$ 3,478.11
10/01/2021;$ 3,478.11
11/01/2021;$ 3,478.11
12/01/2021;$ 3,478.11
13/01/2021;$ 3,487.65
14/01/2021;$ 3,478.36
15/01/2021;$ 3,469.76
16/01/2021;$ 3,466.80
17/01/2021;$ 3,466.80
18/01/2021;$ 3,466.80
19/01/2021;$ 3,466.80
20/01/2021;$ 3,482.03
21/01/2021;$ 3,476.19
22/01/2021;$ 3,477.48
23/01/2021;$ 3,525.25
24/01/2021;$ 3,525.25
25/01/2021;$ 3,525.25
26/01/2021;$ 3,582.41
27/01/2021;$ 3,591.48
28/01/2021;$ 3,636.91
29/01/2021;$ 3,585.44
30/01/2021;$ 3,559.46
31/01/2021;$ 3,559.46
01/02/2021;$ 3,559.46
02/02/2021;$ 3,561.37
03/02/2021;$ 3,534.99
04/02/2021;$ 3,522.57
05/02/2021;$ 3,558.63
06/02/2021;$ 3,543.28
07/02/2021;$ 3,543.28
08/02/2021;$ 3,543.28
09/02/2021;$ 3,554.65
10/02/2021;$ 3,583.23
11/02/2021;$ 3,557.16
12/02/2021;$ 3,525.45
13/02/2021;$ 3,515.65
14/02/2021;$ 3,515.65
15/02/2021;$ 3,515.65
16/02/2021;$ 3,515.65
17/02/2021;$ 3,518.19
18/02/2021;$ 3,545.84
19/02/2021;$ 3,537.86
20/02/2021;$ 3,555.40
21/02/2021;$ 3,555.40
22/02/2021;$ 3,555.40
23/02/2021;$ 3,602.41
24/02/2021;$ 3,590.37
25/02/2021;$ 3,578.29
26/02/2021;$ 3,588.23
27/02/2021;$ 3,624.39
28/02/2021;$ 3,624.39
01/03/2021;$ 3,624.39
02/03/2021;$ 3,622.36
03/03/2021;$ 3,646.61
04/03/2021;$ 3,676.94
05/03/2021;$ 3,647.99
06/03/2021;$ 3,640.20
07/03/2021;$ 3,640.20
08/03/2021;$ 3,640.20
09/03/2021;$ 3,623.61
10/03/2021;$ 3,598.77
11/03/2021;$ 3,561.91
12/03/2021;$ 3,534.62
13/03/2021;$ 3,575.30
14/03/2021;$ 3,575.30
15/03/2021;$ 3,575.30
16/03/2021;$ 3,575.63
17/03/2021;$ 3,553.51
18/03/2021;$ 3,578.02
19/03/2021;$ 3,569.45
20/03/2021;$ 3,553.34
21/03/2021;$ 3,553.34
22/03/2021;$ 3,553.34
23/03/2021;$ 3,553.34
24/03/2021;$ 3,589.82
25/03/2021;$ 3,635.12
26/03/2021;$ 3,658.22
27/03/2021;$ 3,665.41
28/03/2021;$ 3,665.41
29/03/2021;$ 3,665.41
30/03/2021;$ 3,705.85
31/03/2021;$ 3,736.91
01/04/2021;$ 3,678.62
02/04/2021;$ 3,678.62
03/04/2021;$ 3,678.62
04/04/2021;$ 3,678.62
05/04/2021;$ 3,678.62
06/04/2021;$ 3,645.79
07/04/2021;$ 3,645.14
08/04/2021;$ 3,639.62
09/04/2021;$ 3,634.07
10/04/2021;$ 3,650.23
11/04/2021;$ 3,650.23
12/04/2021;$ 3,650.23
13/04/2021;$ 3,653.57
14/04/2021;$ 3,666.17
15/04/2021;$ 3,665.49
16/04/2021;$ 3,620.40
17/04/2021;$ 3,595.57
18/04/2021;$ 3,595.57
19/04/2021;$ 3,595.57
20/04/2021;$ 3,606.42
21/04/2021;$ 3,636.26
22/04/2021;$ 3,639.12
23/04/2021;$ 3,630.81
24/04/2021;$ 3,640.07
25/04/2021;$ 3,640.07
26/04/2021;$ 3,640.07
27/04/2021;$ 3,659.62
28/04/2021;$ 3,717.46
29/04/2021;$ 3,699.74
30/04/2021;$ 3,712.89
01/05/2021;$ 3,740.14
02/05/2021;$ 3,740.14
03/05/2021;$ 3,740.14
04/05/2021;$ 3,816.65
05/05/2021;$ 3,831.35
06/05/2021;$ 3,846.28
07/05/2021;$ 3,800.33
08/05/2021;$ 3,765.33
09/05/2021;$ 3,765.33
10/05/2021;$ 3,765.33
11/05/2021;$ 3,714.94
12/05/2021;$ 3,703.20
13/05/2021;$ 3,734.09
14/05/2021;$ 3,728.09
15/05/2021;$ 3,682.84
16/05/2021;$ 3,682.84
17/05/2021;$ 3,682.84
18/05/2021;$ 3,682.84
19/05/2021;$ 3,655.74
20/05/2021;$ 3,682.66
21/05/2021;$ 3,721.57
22/05/2021;$ 3,738.19
23/05/2021;$ 3,738.19
24/05/2021;$ 3,738.19
25/05/2021;$ 3,750.66
26/05/2021;$ 3,735.41
27/05/2021;$ 3,747.48
28/05/2021;$ 3,729.02
29/05/2021;$ 3,715.28
30/05/2021;$ 3,715.28
31/05/2021;$ 3,715.28
01/06/2021;$ 3,715.28
02/06/2021;$ 3,671.38
03/06/2021;$ 3,642.29
04/06/2021;$ 3,657.41
05/06/2021;$ 3,609.20
06/06/2021;$ 3,609.20
07/06/2021;$ 3,609.20
08/06/2021;$ 3,609.20
09/06/2021;$ 3,597.18
10/06/2021;$ 3,588.41
11/06/2021;$ 3,589.86
12/06/2021;$ 3,626.02
13/06/2021;$ 3,626.02
14/06/2021;$ 3,626.02
15/06/2021;$ 3,626.02
16/06/2021;$ 3,693.35
17/06/2021;$ 3,690.56
18/06/2021;$ 3,730.45
19/06/2021;$ 3,753.77
20/06/2021;$ 3,753.77
21/06/2021;$ 3,753.77
22/06/2021;$ 3,758.08
23/06/2021;$ 3,784.45
24/06/2021;$ 3,773.11
25/06/2021;$ 3,770.35
26/06/2021;$ 3,739.03
27/06/2021;$ 3,739.03
28/06/2021;$ 3,739.03
29/06/2021;$ 3,713.17
30/06/2021;$ 3,756.67
01/07/2021;$ 3,748.50
02/07/2021;$ 3,775.53
03/07/2021;$ 3,777.17
04/07/2021;$ 3,777.17
05/07/2021;$ 3,777.17
06/07/2021;$ 3,777.17
07/07/2021;$ 3,782.27
08/07/2021;$ 3,815.22
09/07/2021;$ 3,850.46
10/07/2021;$ 3,829.46
11/07/2021;$ 3,829.46
12/07/2021;$ 3,829.46
13/07/2021;$ 3,824.08
14/07/2021;$ 3,826.85
15/07/2021;$ 3,796.07
16/07/2021;$ 3,809.07
17/07/2021;$ 3,808.46
18/07/2021;$ 3,808.46
19/07/2021;$ 3,808.46
20/07/2021;$ 3,842.97
21/07/2021;$ 3,842.97
22/07/2021;$ 3,855.68
23/07/2021;$ 3,866.86
24/07/2021;$ 3,874.44
25/07/2021;$ 3,874.44
26/07/2021;$ 3,874.44
27/07/2021;$ 3,904.17
28/07/2021;$ 3,918.49
29/07/2021;$ 3,902.18
30/07/2021;$ 3,836.95
31/07/2021;$ 3,867.88
01/08/2021;$ 3,867.88
02/08/2021;$ 3,867.88
03/08/2021;$ 3,865.46
04/08/2021;$ 3,913.59
05/08/2021;$ 3,911.36
06/08/2021;$ 3,910.81
07/08/2021;$ 3,949.33
08/08/2021;$ 3,949.33
09/08/2021;$ 3,949.33
10/08/2021;$ 3,988.27
11/08/2021;$ 3,979.80
12/08/2021;$ 3,950.43
13/08/2021;$ 3,887.07
14/08/2021;$ 3,830.25
15/08/2021;$ 3,830.25
16/08/2021;$ 3,830.25
17/08/2021;$ 3,830.25
18/08/2021;$ 3,868.41
19/08/2021;$ 3,861.33
20/08/2021;$ 3,876.08
21/08/2021;$ 3,874.95
22/08/2021;$ 3,874.95
23/08/2021;$ 3,874.95
24/08/2021;$ 3,867.73
25/08/2021;$ 3,861.88
26/08/2021;$ 3,865.04
27/08/2021;$ 3,870.57
28/08/2021;$ 3,834.13
29/08/2021;$ 3,834.13
30/08/2021;$ 3,834.13
31/08/2021;$ 3,806.87
01/09/2021;$ 3,774.00
02/09/2021;$ 3,753.30
03/09/2021;$ 3,780.85
04/09/2021;$ 3,790.04
05/09/2021;$ 3,790.04
06/09/2021;$ 3,790.04
07/09/2021;$ 3,790.04
08/09/2021;$ 3,812.76
09/09/2021;$ 3,816.14
10/09/2021;$ 3,829.72
11/09/2021;$ 3,836.85
12/09/2021;$ 3,836.85
13/09/2021;$ 3,836.85
14/09/2021;$ 3,835.27
15/09/2021;$ 3,830.83
16/09/2021;$ 3,825.36
17/09/2021;$ 3,818.16
18/09/2021;$ 3,828.18
19/09/2021;$ 3,828.18
20/09/2021;$ 3,828.18
21/09/2021;$ 3,851.22
22/09/2021;$ 3,843.77
23/09/2021;$ 3,834.66
24/09/2021;$ 3,835.67
25/09/2021;$ 3,844.88
26/09/2021;$ 3,844.88
27/09/2021;$ 3,844.88
28/09/2021;$ 3,837.91
29/09/2021;$ 3,841.94
30/09/2021;$ 3,834.68
01/10/2021;$ 3,812.77
02/10/2021;$ 3,781.35
03/10/2021;$ 3,781.35
04/10/2021;$ 3,781.35
05/10/2021;$ 3,786.05
06/10/2021;$ 3,796.30
07/10/2021;$ 3,788.03
08/10/2021;$ 3,772.44
09/10/2021;$ 3,765.80
10/10/2021;$ 3,765.80
11/10/2021;$ 3,765.80
12/10/2021;$ 3,765.80
13/10/2021;$ 3,738.48
14/10/2021;$ 3,725.75
15/10/2021;$ 3,755.29
16/10/2021;$ 3,772.49
17/10/2021;$ 3,772.49
18/10/2021;$ 3,772.49
19/10/2021;$ 3,772.49
20/10/2021;$ 3,766.94
21/10/2021;$ 3,770.58
22/10/2021;$ 3,783.30
23/10/2021;$ 3,780.38
24/10/2021;$ 3,780.38
25/10/2021;$ 3,780.38
26/10/2021;$ 3,769.98
27/10/2021;$ 3,774.46
28/10/2021;$ 3,761.21
29/10/2021;$ 3,766.10
30/10/2021;$ 3,784.44
31/10/2021;$ 3,784.44
01/11/2021;$ 3,784.44
02/11/2021;$ 3,784.44
03/11/2021;$ 3,778.69
04/11/2021;$ 3,837.84
05/11/2021;$ 3,847.40
06/11/2021;$ 3,881.76
07/11/2021;$ 3,881.76
08/11/2021;$ 3,881.76
09/11/2021;$ 3,874.41
10/11/2021;$ 3,876.86
11/11/2021;$ 3,875.38
12/11/2021;$ 3,875.38
13/11/2021;$ 3,888.53
14/11/2021;$ 3,888.53
15/11/2021;$ 3,888.53
16/11/2021;$ 3,888.53
17/11/2021;$ 3,898.84
18/11/2021;$ 3,907.95
19/11/2021;$ 3,943.43
20/11/2021;$ 3,923.53
21/11/2021;$ 3,923.53
22/11/2021;$ 3,923.53
23/11/2021;$ 3,913.26
24/11/2021;$ 3,944.37
25/11/2021;$ 3,969.49
26/11/2021;$ 3,969.49
27/11/2021;$ 4,008.13
28/11/2021;$ 4,008.13
29/11/2021;$ 4,008.13
30/11/2021;$ 4,010.98
01/12/2021;$ 4,004.54
02/12/2021;$ 3,953.26
03/12/2021;$ 3,945.18
04/12/2021;$ 3,948.33
05/12/2021;$ 3,948.33
06/12/2021;$ 3,948.33
07/12/2021;$ 3,944.00
08/12/2021;$ 3,906.10
09/12/2021;$ 3,906.10
10/12/2021;$ 3,899.87
11/12/2021;$ 3,887.71
12/12/2021;$ 3,887.71
13/12/2021;$ 3,887.71
14/12/2021;$ 3,886.87
15/12/2021;$ 3,936.41
16/12/2021;$ 3,990.27
17/12/2021;$ 4,002.97
18/12/2021;$ 3,999.85
19/12/2021;$ 3,999.85
20/12/2021;$ 3,999.85
21/12/2021;$ 4,002.12
22/12/2021;$ 3,996.28
23/12/2021;$ 3,997.71
24/12/2021;$ 3,997.09
25/12/2021;$ 3,994.15
26/12/2021;$ 3,994.15
27/12/2021;$ 3,994.15
28/12/2021;$ 3,989.41
29/12/2021;$ 4,004.00
30/12/2021;$ 4,023.68
31/12/2021;$ 3,981.16
01/01/2022;$ 3,981.16
02/01/2022;$ 3,981.16
03/01/2022;$ 3,981.16
04/01/2022;$ 4,082.75
05/01/2022;$ 4,084.11
06/01/2022;$ 4,042.36
07/01/2022;$ 4,039.31
08/01/2022;$ 4,043.46
09/01/2022;$ 4,043.46
10/01/2022;$ 4,043.46
11/01/2022;$ 4,043.46
12/01/2022;$ 4,011.65
13/01/2022;$ 3,970.08
14/01/2022;$ 3,950.40
15/01/2022;$ 3,993.65
16/01/2022;$ 3,993.65
17/01/2022;$ 3,993.65
18/01/2022;$ 3,993.65
19/01/2022;$ 4,033.37
20/01/2022;$ 4,003.95
21/01/2022;$ 3,980.80
22/01/2022;$ 3,964.30
23/01/2022;$ 3,964.30
24/01/2022;$ 3,964.30
25/01/2022;$ 3,977.51
26/01/2022;$ 3,987.32
27/01/2022;$ 3,947.83
28/01/2022;$ 3,944.04
29/01/2022;$ 3,982.60
30/01/2022;$ 3,982.60
31/01/2022;$ 3,982.60
01/02/2022;$ 3,942.73
02/02/2022;$ 3,923.61
03/02/2022;$ 3,928.05
04/02/2022;$ 3,951.96
05/02/2022;$ 3,962.68
06/02/2022;$ 3,962.68
07/02/2022;$ 3,962.68
08/02/2022;$ 3,963.84
09/02/2022;$ 3,965.41
10/02/2022;$ 3,939.31
11/02/2022;$ 3,917.75
12/02/2022;$ 3,917.52
13/02/2022;$ 3,917.52
14/02/2022;$ 3,917.52
15/02/2022;$ 3,938.97
16/02/2022;$ 3,946.88
17/02/2022;$ 3,963.72
18/02/2022;$ 3,953.26
19/02/2022;$ 3,927.25
20/02/2022;$ 3,927.25
21/02/2022;$ 3,927.25
22/02/2022;$ 3,927.25
23/02/2022;$ 3,932.40
24/02/2022;$ 3,913.79
25/02/2022;$ 3,940.20
26/02/2022;$ 3,910.64
27/02/2022;$ 3,910.64
28/02/2022;$ 3,910.64
01/03/2022;$ 3,910.28
02/03/2022;$ 3,901.62
03/03/2022;$ 3,862.95
04/03/2022;$ 3,771.77
05/03/2022;$ 3,806.11
06/03/2022;$ 3,806.11
07/03/2022;$ 3,806.11
08/03/2022;$ 3,813.41
09/03/2022;$ 3,787.18
10/03/2022;$ 3,746.43
11/03/2022;$ 3,786.00
12/03/2022;$ 3,827.64
13/03/2022;$ 3,827.64
14/03/2022;$ 3,827.64
15/03/2022;$ 3,800.85
16/03/2022;$ 3,836.56
17/03/2022;$ 3,826.89
18/03/2022;$ 3,816.43
19/03/2022;$ 3,820.67
20/03/2022;$ 3,820.67
21/03/2022;$ 3,820.67
22/03/2022;$ 3,820.67
23/03/2022;$ 3,765.67
24/03/2022;$ 3,756.64
25/03/2022;$ 3,798.90
26/03/2022;$ 3,785.66
27/03/2022;$ 3,785.66
28/03/2022;$ 3,785.66
29/03/2022;$ 3,785.70
30/03/2022;$ 3,765.96
31/03/2022;$ 3,748.15
01/04/2022;$ 3,756.03
02/04/2022;$ 3,774.79
03/04/2022;$ 3,774.79
04/04/2022;$ 3,774.79
05/04/2022;$ 3,706.95
06/04/2022;$ 3,723.79
07/04/2022;$ 3,746.51
08/04/2022;$ 3,771.83
09/04/2022;$ 3,777.41
10/04/2022;$ 3,777.41
11/04/2022;$ 3,777.41
12/04/2022;$ 3,744.16
13/04/2022;$ 3,736.70
14/04/2022;$ 3,737.32
15/04/2022;$ 3,737.32
16/04/2022;$ 3,737.32
17/04/2022;$ 3,737.32
18/04/2022;$ 3,737.32
19/04/2022;$ 3,731.31
20/04/2022;$ 3,755.85
21/04/2022;$ 3,758.65
22/04/2022;$ 3,759.54
23/04/2022;$ 3,819.07
24/04/2022;$ 3,819.07
25/04/2022;$ 3,819.07
26/04/2022;$ 3,931.74
27/04/2022;$ 3,947.63
28/04/2022;$ 3,967.32
29/04/2022;$ 3,984.77
30/04/2022;$ 3,966.27
01/05/2022;$ 3,966.27
02/05/2022;$ 3,966.27
03/05/2022;$ 4,004.07
04/05/2022;$ 4,016.34
05/05/2022;$ 4,056.41
06/05/2022;$ 4,086.08
07/05/2022;$ 4,053.93
08/05/2022;$ 4,053.93
09/05/2022;$ 4,053.93
10/05/2022;$ 4,085.76
11/05/2022;$ 4,086.71
12/05/2022;$ 4,080.32
13/05/2022;$ 4,109.71
14/05/2022;$ 4,110.53
15/05/2022;$ 4,110.53
16/05/2022;$ 4,110.53
17/05/2022;$ 4,070.25
18/05/2022;$ 4,033.85
19/05/2022;$ 4,054.71
20/05/2022;$ 4,050.88
21/05/2022;$ 3,989.84
22/05/2022;$ 3,989.84
23/05/2022;$ 3,989.84
24/05/2022;$ 3,950.35
25/05/2022;$ 3,971.28
26/05/2022;$ 3,959.05
27/05/2022;$ 3,930.89
28/05/2022;$ 3,912.34
29/05/2022;$ 3,912.34
30/05/2022;$ 3,912.34
31/05/2022;$ 3,912.34
01/06/2022;$ 3,776.52
02/06/2022;$ 3,791.74
03/06/2022;$ 3,784.98
04/06/2022;$ 3,771.63
05/06/2022;$ 3,771.63
06/06/2022;$ 3,771.63
07/06/2022;$ 3,799.50
08/06/2022;$ 3,790.88
09/06/2022;$ 3,782.65
10/06/2022;$ 3,833.34
11/06/2022;$ 3,912.51
12/06/2022;$ 3,912.51
13/06/2022;$ 3,912.51
14/06/2022;$ 4,016.50
15/06/2022;$ 3,979.30
16/06/2022;$ 3,923.96
17/06/2022;$ 3,912.15
18/06/2022;$ 3,905.05
19/06/2022;$ 3,905.05
20/06/2022;$ 3,905.05
21/06/2022;$ 3,905.05
22/06/2022;$ 4,026.92
23/06/2022;$ 4,026.52
24/06/2022;$ 4,068.75
25/06/2022;$ 4,129.87
26/06/2022;$ 4,129.87
27/06/2022;$ 4,129.87
28/06/2022;$ 4,129.87
29/06/2022;$ 4,089.72
30/06/2022;$ 4,127.47
01/07/2022;$ 4,151.21
02/07/2022;$ 4,198.77
03/07/2022;$ 4,198.77
04/07/2022;$ 4,198.77
05/07/2022;$ 4,198.77
06/07/2022;$ 4,259.86
07/07/2022;$ 4,348.68
08/07/2022;$ 4,369.70
09/07/2022;$ 4,388.27
10/07/2022;$ 4,388.27
11/07/2022;$ 4,388.27
12/07/2022;$ 4,513.28
13/07/2022;$ 4,627.46
14/07/2022;$ 4,558.05
15/07/2022;$ 4,519.65
16/07/2022;$ 4,395.63
17/07/2022;$ 4,395.63
18/07/2022;$ 4,395.63
19/07/2022;$ 4,315.41
20/07/2022;$ 4,303.34
21/07/2022;$ 4,303.34
22/07/2022;$ 4,410.14
23/07/2022;$ 4,423.86
24/07/2022;$ 4,423.86
25/07/2022;$ 4,423.86
26/07/2022;$ 4,461.63
27/07/2022;$ 4,445.01
28/07/2022;$ 4,420.75
29/07/2022;$ 4,375.51
30/07/2022;$ 4,300.30
31/07/2022;$ 4,300.30
01/08/2022;$ 4,300.30
02/08/2022;$ 4,245.99
03/08/2022;$ 4,313.30
04/08/2022;$ 4,331.15
05/08/2022;$ 4,268.30
06/08/2022;$ 4,337.28
07/08/2022;$ 4,337.28
08/08/2022;$ 4,337.28
09/08/2022;$ 4,307.09
10/08/2022;$ 4,309.69
11/08/2022;$ 4,273.82
12/08/2022;$ 4,231.45
13/08/2022;$ 4,185.49
14/08/2022;$ 4,185.49
15/08/2022;$ 4,185.49
16/08/2022;$ 4,185.49
17/08/2022;$ 4,218.48
18/08/2022;$ 4,316.47
19/08/2022;$ 4,413.86
20/08/2022;$ 4,400.25
21/08/2022;$ 4,400.25
22/08/2022;$ 4,400.25
23/08/2022;$ 4,399.16
24/08/2022;$ 4,374.45
25/08/2022;$ 4,380.19
26/08/2022;$ 4,407.95
27/08/2022;$ 4,388.02
28/08/2022;$ 4,388.02
29/08/2022;$ 4,388.02
30/08/2022;$ 4,386.13
31/08/2022;$ 4,400.16
01/09/2022;$ 4,422.77
02/09/2022;$ 4,467.03
03/09/2022;$ 4,466.73
04/09/2022;$ 4,466.73
05/09/2022;$ 4,466.73
06/09/2022;$ 4,466.73
07/09/2022;$ 4,480.10
08/09/2022;$ 4,446.36
09/09/2022;$ 4,396.69
10/09/2022;$ 4,365.32
11/09/2022;$ 4,365.32
12/09/2022;$ 4,365.32
13/09/2022;$ 4,346.91
14/09/2022;$ 4,413.89
15/09/2022;$ 4,389.80
16/09/2022;$ 4,404.64
17/09/2022;$ 4,435.84
18/09/2022;$ 4,435.84
19/09/2022;$ 4,435.84
20/09/2022;$ 4,415.11
21/09/2022;$ 4,420.38
22/09/2022;$ 4,403.82
23/09/2022;$ 4,379.80
24/09/2022;$ 4,426.47
25/09/2022;$ 4,426.47
26/09/2022;$ 4,426.47
27/09/2022;$ 4,496.99
28/09/2022;$ 4,556.42
29/09/2022;$ 4,486.94
30/09/2022;$ 4,532.07
01/10/2022;$ 4,590.54
02/10/2022;$ 4,590.54
03/10/2022;$ 4,590.54
04/10/2022;$ 4,545.66
05/10/2022;$ 4,484.74
06/10/2022;$ 4,548.89
07/10/2022;$ 4,627.61
08/10/2022;$ 4,605.29
09/10/2022;$ 4,605.29
10/10/2022;$ 4,605.29
11/10/2022;$ 4,605.29
12/10/2022;$ 4,611.88
13/10/2022;$ 4,611.18
14/10/2022;$ 4,619.78
15/10/2022;$ 4,636.83
16/10/2022;$ 4,636.83
17/10/2022;$ 4,636.83
18/10/2022;$ 4,636.83
19/10/2022;$ 4,744.04
20/10/2022;$ 4,815.09
21/10/2022;$ 4,885.50
22/10/2022;$ 4,913.24
23/10/2022;$ 4,913.24
24/10/2022;$ 4,913.24
25/10/2022;$ 4,968.94
26/10/2022;$ 4,948.14
27/10/2022;$ 4,895.29
28/10/2022;$ 4,821.92
29/10/2022;$ 4,819.42
30/10/2022;$ 4,819.42
31/10/2022;$ 4,819.42
01/11/2022;$ 4,898.74
02/11/2022;$ 4,975.58
03/11/2022;$ 5,015.84
04/11/2022;$ 5,058.02
05/11/2022;$ 5,061.21
06/11/2022;$ 5,061.21
07/11/2022;$ 5,061.21
08/11/2022;$ 5,061.21
09/11/2022;$ 5,013.20
10/11/2022;$ 4,914.71
11/11/2022;$ 4,806.07
12/11/2022;$ 4,806.07
13/11/2022;$ 4,806.07
14/11/2022;$ 4,806.07
15/11/2022;$ 4,806.07
16/11/2022;$ 4,801.06
17/11/2022;$ 4,922.70
18/11/2022;$ 5,022.03
19/11/2022;$ 4,994.61
20/11/2022;$ 4,994.61
21/11/2022;$ 4,994.61
22/11/2022;$ 4,958.42
23/11/2022;$ 4,914.34
24/11/2022;$ 4,875.91
25/11/2022;$ 4,875.91
26/11/2022;$ 4,881.41
27/11/2022;$ 4,881.41
28/11/2022;$ 4,881.41
29/11/2022;$ 4,840.60
30/11/2022;$ 4,809.51
01/12/2022;$ 4,815.59
02/12/2022;$ 4,779.06
03/12/2022;$ 4,767.19
04/12/2022;$ 4,767.19
05/12/2022;$ 4,767.19
06/12/2022;$ 4,812.37
07/12/2022;$ 4,818.32
08/12/2022;$ 4,825.83
09/12/2022;$ 4,825.83
10/12/2022;$ 4,815.99
11/12/2022;$ 4,815.99
12/12/2022;$ 4,815.99
13/12/2022;$ 4,836.24
14/12/2022;$ 4,791.57
15/12/2022;$ 4,778.28
16/12/2022;$ 4,797.02
17/12/2022;$ 4,802.48
18/12/2022;$ 4,802.48
19/12/2022;$ 4,802.48
20/12/2022;$ 4,781.28
21/12/2022;$ 4,769.29
22/12/2022;$ 4,761.64
23/12/2022;$ 4,760.61
24/12/2022;$ 4,745.04
25/12/2022;$ 4,745.04
26/12/2022;$ 4,745.04
27/12/2022;$ 4,745.04
28/12/2022;$ 4,766.82
29/12/2022;$ 4,765.92
30/12/2022;$ 4,810.20
31/12/2022;$ 4,810.20
01/01/2023;$ 4,810.20
02/01/2023;$ 4,810.20
03/01/2023;$ 4,810.20
04/01/2023;$ 4,842.26
05/01/2023;$ 4,924.00
06/01/2023;$ 4,989.58
07/01/2023;$ 4,885.66
08/01/2023;$ 4,885.66
09/01/2023;$ 4,885.66
10/01/2023;$ 4,885.66
11/01/2023;$ 4,807.85
12/01/2023;$ 4,748.54
13/01/2023;$ 4,692.04
14/01/2023;$ 4,693.99
15/01/2023;$ 4,693.99
16/01/2023;$ 4,693.99
17/01/2023;$ 4,693.99
18/01/2023;$ 4,691.09
19/01/2023;$ 4,702.67
20/01/2023;$ 4,683.85
21/01/2023;$ 4,631.64
22/01/2023;$ 4,631.64
23/01/2023;$ 4,631.64
24/01/2023;$ 4,551.02
25/01/2023;$ 4,545.94
26/01/2023;$ 4,538.91
27/01/2023;$ 4,531.75
28/01/2023;$ 4,548.50
29/01/2023;$ 4,548.50
30/01/2023;$ 4,548.50
31/01/2023;$ 4,632.20
01/02/2023;$ 4,648.70
02/02/2023;$ 4,639.04
03/02/2023;$ 4,584.44
04/02/2023;$ 4,669.74
05/02/2023;$ 4,669.74
06/02/2023;$ 4,669.74
07/02/2023;$ 4,776.25
08/02/2023;$ 4,775.99
09/02/2023;$ 4,769.85
10/02/2023;$ 4,742.05
11/02/2023;$ 4,777.73
12/02/2023;$ 4,777.73
13/02/2023;$ 4,777.73
14/02/2023;$ 4,818.62
15/02/2023;$ 4,783.24
16/02/2023;$ 4,878.24
17/02/2023;$ 4,966.33
18/02/2023;$ 4,918.94
19/02/2023;$ 4,918.94
20/02/2023;$ 4,918.94
21/02/2023;$ 4,918.94
22/02/2023;$ 4,950.33
23/02/2023;$ 4,924.91
24/02/2023;$ 4,853.90
25/02/2023;$ 4,849.65
26/02/2023;$ 4,849.65
27/02/2023;$ 4,849.65
28/02/2023;$ 4,808.14
01/03/2023;$ 4,814.11
02/03/2023;$ 4,848.78
03/03/2023;$ 4,855.83
04/03/2023;$ 4,780.89
05/03/2023;$ 4,780.89
06/03/2023;$ 4,780.89
07/03/2023;$ 4,734.42
08/03/2023;$ 4,744.95
09/03/2023;$ 4,755.59
10/03/2023;$ 4,748.61
11/03/2023;$ 4,748.14
12/03/2023;$ 4,748.14
13/03/2023;$ 4,748.14
14/03/2023;$ 4,769.76
15/03/2023;$ 4,736.03
16/03/2023;$ 4,835.51
17/03/2023;$ 4,866.50
18/03/2023;$ 4,824.25
19/03/2023;$ 4,824.25
20/03/2023;$ 4,824.25
21/03/2023;$ 4,824.25
22/03/2023;$ 4,804.29
23/03/2023;$ 4,776.09
24/03/2023;$ 4,755.12
25/03/2023;$ 4,741.76
26/03/2023;$ 4,741.76
27/03/2023;$ 4,741.76
28/03/2023;$ 4,686.83
29/03/2023;$ 4,658.79
30/03/2023;$ 4,627.63
31/03/2023;$ 4,627.27
01/04/2023;$ 4,646.08
02/04/2023;$ 4,646.08
03/04/2023;$ 4,646.08
04/04/2023;$ 4,603.00
05/04/2023;$ 4,587.31
06/04/2023;$ 4,570.91
07/04/2023;$ 4,570.91
08/04/2023;$ 4,570.91
09/04/2023;$ 4,570.91
10/04/2023;$ 4,570.91
11/04/2023;$ 4,564.24
12/04/2023;$ 4,516.76
13/04/2023;$ 4,458.87
14/04/2023;$ 4,424.02
15/04/2023;$ 4,425.27
16/04/2023;$ 4,425.27
17/04/2023;$ 4,425.27
18/04/2023;$ 4,431.45
19/04/2023;$ 4,473.07
20/04/2023;$ 4,532.43
21/04/2023;$ 4,535.78
22/04/2023;$ 4,523.64
23/04/2023;$ 4,523.64
24/04/2023;$ 4,523.64
25/04/2023;$ 4,482.45
26/04/2023;$ 4,486.60
27/04/2023;$ 4,552.59
28/04/2023;$ 4,654.14
29/04/2023;$ 4,669.00
30/04/2023;$ 4,669.00
01/05/2023;$ 4,669.00
02/05/2023;$ 4,669.00
03/05/2023;$ 4,713.08
04/05/2023;$ 4,667.09
05/05/2023;$ 4,616.58
06/05/2023;$ 4,552.56
07/05/2023;$ 4,552.56
08/05/2023;$ 4,552.56
09/05/2023;$ 4,490.58
10/05/2023;$ 4,540.34
11/05/2023;$ 4,545.39
12/05/2023;$ 4,601.15
13/05/2023;$ 4,564.44
14/05/2023;$ 4,564.44
15/05/2023;$ 4,564.44
16/05/2023;$ 4,506.49
17/05/2023;$ 4,531.58
18/05/2023;$ 4,528.30
19/05/2023;$ 4,521.64
20/05/2023;$ 4,528.67
21/05/2023;$ 4,528.67
22/05/2023;$ 4,528.67
23/05/2023;$ 4,528.67
24/05/2023;$ 4,501.81
25/05/2023;$ 4,448.93
26/05/2023;$ 4,470.83
27/05/2023;$ 4,461.66
28/05/2023;$ 4,461.66
29/05/2023;$ 4,461.66
30/05/2023;$ 4,461.66
31/05/2023;$ 4,408.65
01/06/2023;$ 4,434.09
02/06/2023;$ 4,410.49
03/06/2023;$ 4,355.80
04/06/2023;$ 4,355.80
05/06/2023;$ 4,355.80
06/06/2023;$ 4,307.02
07/06/2023;$ 4,245.00
08/06/2023;$ 4,209.14
09/06/2023;$ 4,179.98
10/06/2023;$ 4,173.66
11/06/2023;$ 4,173.66
12/06/2023;$ 4,173.66
13/06/2023;$ 4,173.66
14/06/2023;$ 4,186.30
15/06/2023;$ 4,182.33
16/06/2023;$ 4,164.66
17/06/2023;$ 4,145.72
18/06/2023;$ 4,145.72
19/06/2023;$ 4,145.72
20/06/2023;$ 4,145.72
21/06/2023;$ 4,149.18
22/06/2023;$ 4,158.21
23/06/2023;$ 4,114.39
24/06/2023;$ 4,168.88
25/06/2023;$ 4,168.88
26/06/2023;$ 4,168.88
27/06/2023;$ 4,172.33
28/06/2023;$ 4,152.48
29/06/2023;$ 4,169.60
30/06/2023;$ 4,191.28
01/07/2023;$ 4,177.58
02/07/2023;$ 4,177.58
03/07/2023;$ 4,177.58
04/07/2023;$ 4,177.58
05/07/2023;$ 4,177.58
06/07/2023;$ 4,128.08
07/07/2023;$ 4,195.93
08/07/2023;$ 4,189.96
09/07/2023;$ 4,189.96
10/07/2023;$ 4,189.96
11/07/2023;$ 4,154.06
12/07/2023;$ 4,193.59
13/07/2023;$ 4,128.67
14/07/2023;$ 4,102.13
15/07/2023;$ 4,089.30
16/07/2023;$ 4,089.30
17/07/2023;$ 4,089.30
18/07/2023;$ 4,069.39
19/07/2023;$ 3,991.15
20/07/2023;$ 3,980.20
21/07/2023;$ 3,980.20
22/07/2023;$ 3,971.38
23/07/2023;$ 3,971.38
24/07/2023;$ 3,971.38
25/07/2023;$ 3,950.58
26/07/2023;$ 3,978.83
27/07/2023;$ 3,951.10
28/07/2023;$ 3,932.04
29/07/2023;$ 3,923.49
30/07/2023;$ 3,923.49
31/07/2023;$ 3,923.49
01/08/2023;$ 3,898.48
02/08/2023;$ 4,007.44
03/08/2023;$ 4,056.99
04/08/2023;$ 4,144.79
05/08/2023;$ 4,077.90
06/08/2023;$ 4,077.90
07/08/2023;$ 4,077.90
08/08/2023;$ 4,077.90
09/08/2023;$ 4,076.46
10/08/2023;$ 4,031.65
11/08/2023;$ 3,955.23
12/08/2023;$ 3,973.41
13/08/2023;$ 3,973.41
14/08/2023;$ 3,973.41
15/08/2023;$ 4,029.95
16/08/2023;$ 4,096.08
17/08/2023;$ 4,130.33
18/08/2023;$ 4,093.96
19/08/2023;$ 4,124.04
20/08/2023;$ 4,124.04
21/08/2023;$ 4,124.04
22/08/2023;$ 4,124.04
23/08/2023;$ 4,120.07
24/08/2023;$ 4,085.89
25/08/2023;$ 4,076.90
26/08/2023;$ 4,117.78
27/08/2023;$ 4,117.78
28/08/2023;$ 4,117.78
29/08/2023;$ 4,111.52
30/08/2023;$ 4,110.08
31/08/2023;$ 4,085.33
01/09/2023;$ 4,099.20
02/09/2023;$ 4,063.36
03/09/2023;$ 4,063.36
04/09/2023;$ 4,063.36
05/09/2023;$ 4,063.36
06/09/2023;$ 4,089.46
07/09/2023;$ 4,093.04
08/09/2023;$ 4,045.83
09/09/2023;$ 4,012.26
10/09/2023;$ 4,012.26
11/09/2023;$ 4,012.26
12/09/2023;$ 3,997.74
13/09/2023;$ 3,993.53
14/09/2023;$ 3,950.92
15/09/2023;$ 3,926.59
16/09/2023;$ 3,928.28
17/09/2023;$ 3,928.28
18/09/2023;$ 3,928.28
19/09/2023;$ 3,905.95
20/09/2023;$ 3,902.54
21/09/2023;$ 3,907.21
22/09/2023;$ 3,948.25
23/09/2023;$ 3,948.70
24/09/2023;$ 3,948.70
25/09/2023;$ 3,948.70
26/09/2023;$ 4,052.54
27/09/2023;$ 4,068.73
28/09/2023;$ 4,093.60
29/09/2023;$ 4,085.57
30/09/2023;$ 4,053.76
01/10/2023;$ 4,053.76
02/10/2023;$ 4,053.76
03/10/2023;$ 4,141.43
04/10/2023;$ 4,187.01
05/10/2023;$ 4,252.09
06/10/2023;$ 4,359.40
07/10/2023;$ 4,386.66
08/10/2023;$ 4,386.66
09/10/2023;$ 4,386.66
10/10/2023;$ 4,386.66
11/10/2023;$ 4,231.97
12/10/2023;$ 4,212.50
13/10/2023;$ 4,230.61
14/10/2023;$ 4,249.00
15/10/2023;$ 4,249.00
16/10/2023;$ 4,249.00
17/10/2023;$ 4,249.00
18/10/2023;$ 4,222.09
19/10/2023;$ 4,227.39
20/10/2023;$ 4,249.71
21/10/2023;$ 4,238.85
22/10/2023;$ 4,238.85
23/10/2023;$ 4,238.85
24/10/2023;$ 4,221.39
25/10/2023;$ 4,213.97
26/10/2023;$ 4,201.53
27/10/2023;$ 4,154.94
28/10/2023;$ 4,120.62
29/10/2023;$ 4,120.62
30/10/2023;$ 4,120.62
31/10/2023;$ 4,060.83
01/11/2023;$ 4,114.29
02/11/2023;$ 4,117.71
03/11/2023;$ 4,047.11
04/11/2023;$ 3,975.09
05/11/2023;$ 3,975.09
06/11/2023;$ 3,975.09
07/11/2023;$ 3,975.09
08/11/2023;$ 4,005.06
09/11/2023;$ 4,065.79
10/11/2023;$ 4,056.94
11/11/2023;$ 4,037.19
12/11/2023;$ 4,037.19
13/11/2023;$ 4,037.19
14/11/2023;$ 4,037.19
15/11/2023;$ 3,963.57
16/11/2023;$ 3,976.84
17/11/2023;$ 4,077.44
18/11/2023;$ 4,116.59
19/11/2023;$ 4,116.59
20/11/2023;$ 4,116.59
21/11/2023;$ 4,033.83
22/11/2023;$ 4,060.15
23/11/2023;$ 4,092.33
24/11/2023;$ 4,092.33
25/11/2023;$ 4,044.51
26/11/2023;$ 4,044.51
27/11/2023;$ 4,044.51
28/11/2023;$ 3,989.89
29/11/2023;$ 3,957.77
30/11/2023;$ 3,980.67
01/12/2023;$ 4,045.22
02/12/2023;$ 3,983.15
03/12/2023;$ 3,983.15
04/12/2023;$ 3,983.15
05/12/2023;$ 3,999.91
06/12/2023;$ 4,023.21
07/12/2023;$ 3,989.55
08/12/2023;$ 3,998.51
09/12/2023;$ 3,998.51
10/12/2023;$ 3,998.51
11/12/2023;$ 3,998.51
12/12/2023;$ 3,982.50
13/12/2023;$ 3,990.88
14/12/2023;$ 3,999.43
15/12/2023;$ 3,955.88
16/12/2023;$ 3,956.76
17/12/2023;$ 3,956.76
18/12/2023;$ 3,956.76
19/12/2023;$ 3,932.59
20/12/2023;$ 3,925.77
21/12/2023;$ 3,948.54
22/12/2023;$ 3,943.03
23/12/2023;$ 3,915.43
24/12/2023;$ 3,915.43
25/12/2023;$ 3,915.43
26/12/2023;$ 3,915.43
27/12/2023;$ 3,871.45
28/12/2023;$ 3,844.81
29/12/2023;$ 3,822.05
30/12/2023;$ 3,822.05
31/12/2023;$ 3,822.05
01/01/2024;$ 3,822.05
02/01/2024;$ 3,822.05
03/01/2024;$ 3,895.53
04/01/2024;$ 3,914.60
05/01/2024;$ 3,927.64
06/01/2024;$ 3,912.93
07/01/2024;$ 3,912.93
08/01/2024;$ 3,912.93
09/01/2024;$ 3,912.93
10/01/2024;$ 3,934.13
11/01/2024;$ 3,946.39
12/01/2024;$ 3,929.79
13/01/2024;$ 3,901.38
14/01/2024;$ 3,901.38
15/01/2024;$ 3,901.38
16/01/2024;$ 3,901.38
17/01/2024;$ 3,940.85
18/01/2024;$ 3,969.50
19/01/2024;$ 3,939.89
20/01/2024;$ 3,916.39
21/01/2024;$ 3,916.39
22/01/2024;$ 3,916.39
23/01/2024;$ 3,904.49
24/01/2024;$ 3,934.62
25/01/2024;$ 3,929.95
26/01/2024;$ 3,932.96
27/01/2024;$ 3,925.26
28/01/2024;$ 3,925.26
29/01/2024;$ 3,925.26
30/01/2024;$ 3,918.93
31/01/2024;$ 3,925.60
01/02/2024;$ 3,915.56
02/02/2024;$ 3,889.05
03/02/2024;$ 3,928.11
04/02/2024;$ 3,928.11
05/02/2024;$ 3,928.11
06/02/2024;$ 3,975.74
07/02/2024;$ 3,950.57
08/02/2024;$ 3,962.23
09/02/2024;$ 3,954.68
10/02/2024;$ 3,926.08
11/02/2024;$ 3,926.08
12/02/2024;$ 3,926.08
13/02/2024;$ 3,915.28
14/02/2024;$ 3,929.00
15/02/2024;$ 3,916.61
16/02/2024;$ 3,909.89
17/02/2024;$ 3,917.84
18/02/2024;$ 3,917.84
19/02/2024;$ 3,917.84
20/02/2024;$ 3,917.84
21/02/2024;$ 3,912.97
22/02/2024;$ 3,930.26
23/02/2024;$ 3,935.64
24/02/2024;$ 3,949.36
25/02/2024;$ 3,949.36
26/02/2024;$ 3,949.36
27/02/2024;$ 3,963.08
28/02/2024;$ 3,935.59
29/02/2024;$ 3,933.56
01/03/2024;$ 3,931.31
02/03/2024;$ 3,934.82
03/03/2024;$ 3,934.82
04/03/2024;$ 3,934.82
05/03/2024;$ 3,948.67
06/03/2024;$ 3,945.32
07/03/2024;$ 3,932.55
08/03/2024;$ 3,920.79
09/03/2024;$ 3,905.45
10/03/2024;$ 3,905.45
11/03/2024;$ 3,905.45
12/03/2024;$ 3,907.81
13/03/2024;$ 3,919.86
14/03/2024;$ 3,908.02
15/03/2024;$ 3,899.39
16/03/2024;$ 3,884.64
17/03/2024;$ 3,884.64
18/03/2024;$ 3,884.64
19/03/2024;$ 3,880.59
20/03/2024;$ 3,894.37
21/03/2024;$ 3,886.94
22/03/2024;$ 3,888.02
23/03/2024;$ 3,901.51
24/03/2024;$ 3,901.51
25/03/2024;$ 3,901.51
26/03/2024;$ 3,901.51
27/03/2024;$ 3,865.97
28/03/2024;$ 3,842.30
29/03/2024;$ 3,842.30
30/03/2024;$ 3,842.30
31/03/2024;$ 3,842.30
01/04/2024;$ 3,842.30
02/04/2024;$ 3,863.05
03/04/2024;$ 3,845.22
04/04/2024;$ 3,812.13
05/04/2024;$ 3,775.37
06/04/2024;$ 3,764.23
07/04/2024;$ 3,764.23
08/04/2024;$ 3,764.23
09/04/2024;$ 3,768.80
10/04/2024;$ 3,763.43
11/04/2024;$ 3,815.44
12/04/2024;$ 3,820.10
13/04/2024;$ 3,864.97
14/04/2024;$ 3,864.97
15/04/2024;$ 3,864.97
16/04/2024;$ 3,889.58
17/04/2024;$ 3,938.11
18/04/2024;$ 3,901.94
19/04/2024;$ 3,918.23
20/04/2024;$ 3,937.13
21/04/2024;$ 3,937.13
22/04/2024;$ 3,937.13
23/04/2024;$ 3,924.82
24/04/2024;$ 3,910.01
25/04/2024;$ 3,935.65
26/04/2024;$ 3,964.59
27/04/2024;$ 3,926.02
28/04/2024;$ 3,926.02
29/04/2024;$ 3,926.02
30/04/2024;$ 3,873.44
01/05/2024;$ 3,899.07
02/05/2024;$ 3,899.07
03/05/2024;$ 3,898.62
04/05/2024;$ 3,895.41
05/05/2024;$ 3,895.41
06/05/2024;$ 3,895.41
07/05/2024;$ 3,894.23
08/05/2024;$ 3,884.84
09/05/2024;$ 3,902.63
10/05/2024;$ 3,900.38
11/05/2024;$ 3,888.21
12/05/2024;$ 3,888.21
13/05/2024;$ 3,888.21
14/05/2024;$ 3,888.21
15/05/2024;$ 3,861.82
16/05/2024;$ 3,825.42
17/05/2024;$ 3,828.98
18/05/2024;$ 3,832.26
19/05/2024;$ 3,832.26
20/05/2024;$ 3,832.26
21/05/2024;$ 3,822.39
22/05/2024;$ 3,814.94
23/05/2024;$ 3,829.59
24/05/2024;$ 3,837.58
25/05/2024;$ 3,878.07
26/05/2024;$ 3,878.07
27/05/2024;$ 3,878.07
28/05/2024;$ 3,878.07
29/05/2024;$ 3,853.09
30/05/2024;$ 3,867.02
31/05/2024;$ 3,874.32
01/06/2024;$ 3,860.92
02/06/2024;$ 3,860.92
03/06/2024;$ 3,860.92
04/06/2024;$ 3,860.92
05/06/2024;$ 3,909.65
06/06/2024;$ 3,927.91
07/06/2024;$ 3,938.53
08/06/2024;$ 3,944.14
09/06/2024;$ 3,944.14
10/06/2024;$ 3,944.14
11/06/2024;$ 3,944.14
12/06/2024;$ 3,960.83
13/06/2024;$ 4,023.26
14/06/2024;$ 4,107.52
15/06/2024;$ 4,151.55
16/06/2024;$ 4,151.55
17/06/2024;$ 4,151.55
18/06/2024;$ 4,144.63
19/06/2024;$ 4,101.87
20/06/2024;$ 4,101.87
21/06/2024;$ 4,175.96
22/06/2024;$ 4,143.72
23/06/2024;$ 4,143.72
24/06/2024;$ 4,143.72
25/06/2024;$ 4,104.38
26/06/2024;$ 4,093.66
27/06/2024;$ 4,133.61
28/06/2024;$ 4,158.10
29/06/2024;$ 4,148.04
30/06/2024;$ 4,148.04
01/07/2024;$ 4,148.04
02/07/2024;$ 4,148.04
03/07/2024;$ 4,130.03
04/07/2024;$ 4,096.09
05/07/2024;$ 4,096.09
06/07/2024;$ 4,093.72
07/07/2024;$ 4,093.72
08/07/2024;$ 4,093.72
09/07/2024;$ 4,052.99
10/07/2024;$ 4,022.05
11/07/2024;$ 3,979.91
12/07/2024;$ 3,968.87
13/07/2024;$ 3,944.97
14/07/2024;$ 3,944.97
15/07/2024;$ 3,944.97
16/07/2024;$ 3,948.41
17/07/2024;$ 3,977.63
18/07/2024;$ 4,011.19
19/07/2024;$ 4,036.73
20/07/2024;$ 4,040.20
21/07/2024;$ 4,040.20
22/07/2024;$ 4,040.20
23/07/2024;$ 4,006.01
24/07/2024;$ 4,010.53
25/07/2024;$ 4,047.66
26/07/2024;$ 4,035.00
27/07/2024;$ 4,014.56
28/07/2024;$ 4,014.56
29/07/2024;$ 4,014.56
30/07/2024;$ 4,059.91
31/07/2024;$ 4,089.05
01/08/2024;$ 4,060.34
02/08/2024;$ 4,057.14
03/08/2024;$ 4,110.37
04/08/2024;$ 4,110.37
05/08/2024;$ 4,110.37
06/08/2024;$ 4,184.30
07/08/2024;$ 4,136.27
08/08/2024;$ 4,136.27
09/08/2024;$ 4,100.79
10/08/2024;$ 4,064.51
11/08/2024;$ 4,064.51
12/08/2024;$ 4,064.51
13/08/2024;$ 4,063.26
14/08/2024;$ 4,038.87
15/08/2024;$ 4,021.10
16/08/2024;$ 4,014.18
17/08/2024;$ 4,021.63
18/08/2024;$ 4,021.63
19/08/2024;$ 4,021.63
20/08/2024;$ 4,021.63
21/08/2024;$ 4,011.37
22/08/2024;$ 4,013.98
23/08/2024;$ 4,064.03
